id,date,tour,court,break,ref,time,home,away,h_coef,a_coef
vHUnZJ55,23/06,ATP - ОДИНОЧНЫЙ РАЗРЯД. Уимблдон (Великобритания) - квалификация,трава,2,https://www.flashscore.ru.com/match/vHUnZJ55/#/match-summary/match-summary,Завершен,Харрисон К. (Сша),Мазур Д. (Гер),2.20,1.68
KKDXUyH3,23/06,ATP - ОДИНОЧНЫЙ РАЗРЯД. Уимблдон (Великобритания) - квалификация,трава,2,https://www.flashscore.ru.com/match/KKDXUyH3/#/match-summary/match-summary,Завершен,Айдукович Д. (Хор),Ричард А. (Шва),1.95,1.86
lICB1iKF,23/06,ATP - ОДИНОЧНЫЙ РАЗРЯД. Уимблдон (Великобритания) - квалификация,трава,2,https://www.flashscore.ru.com/match/lICB1iKF/#/match-summary/match-summary,Завершен,Албот Р. (Мол),Офнер С. (Авт),1.65,2.25
hjJ23Dk3,23/06,ATP - ОДИНОЧНЫЙ РАЗРЯД. Уимблдон (Великобритания) - квалификация,трава,2,https://www.flashscore.ru.com/match/hjJ23Dk3/#/match-summary/match-summary,Завершен,Боргес Н. (Пор),Пёрселл М. (Авс),2.14,1.72
4haHwj4K,23/06,ATP - ОДИНОЧНЫЙ РАЗРЯД. Уимблдон (Великобритания) - квалификация,трава,2,https://www.flashscore.ru.com/match/4haHwj4K/#/match-summary/match-summary,Завершен,Клейн Л. (Сла),Сеппи А. (Ита),2.43,1.57
nFXQFXgN,23/06,ATP - ОДИНОЧНЫЙ РАЗРЯД. Уимблдон (Великобритания) - квалификация,трава,2,https://www.flashscore.ru.com/match/nFXQFXgN/#/match-summary/match-summary,Завершен,Козлов С. (Сша),Новак Д. (Авт),2.32,1.61
EJ6tTFoG,23/06,ATP - ОДИНОЧНЫЙ РАЗРЯД. Уимблдон (Великобритания) - квалификация,трава,2,https://www.flashscore.ru.com/match/EJ6tTFoG/#/match-summary/match-summary,Завершен,Колар З. (Чех),Вавассори А. (Ита),1.53,2.50
0O8vR2ZB,23/06,ATP - ОДИНОЧНЫЙ РАЗРЯД. Уимблдон (Великобритания) - квалификация,трава,2,https://www.flashscore.ru.com/match/0O8vR2ZB/#/match-summary/match-summary,Завершен,Кузманов Д. (Бог),Коко Э. (Фра),2.13,1.72
67UqlTy1,23/06,ATP - ОДИНОЧНЫЙ РАЗРЯД. Уимблдон (Великобритания) - квалификация,трава,2,https://www.flashscore.ru.com/match/67UqlTy1/#/match-summary/match-summary,Завершен,Мартерер М. (Гер),Морено Де Альборан Н. (Сша),1.34,3.25
vF7rQMlI,23/06,ATP - ОДИНОЧНЫЙ РАЗРЯД. Уимблдон (Великобритания) - квалификация,трава,2,https://www.flashscore.ru.com/match/vF7rQMlI/#/match-summary/match-summary,Завершен,Пирош Ж. (Вен),Кукушкин М. (Каз),2.11,1.73
EXTmmmi7,23/06,ATP - ОДИНОЧНЫЙ РАЗРЯД. Уимблдон (Великобритания) - квалификация,трава,2,https://www.flashscore.ru.com/match/EXTmmmi7/#/match-summary/match-summary,Завершен,Росол Л. (Чех),Оливо Р. (Арг),1.53,2.50
MwiF38yl,23/06,ATP - ОДИНОЧНЫЙ РАЗРЯД. Уимблдон (Великобритания) - квалификация,трава,2,https://www.flashscore.ru.com/match/MwiF38yl/#/match-summary/match-summary,Завершен,Сапата Миральес Б. (Исп),Карузо С. (Ита),1.35,3.25
hQBRAqNm,23/06,ATP - ОДИНОЧНЫЙ РАЗРЯД. Уимблдон (Великобритания) - квалификация,трава,2,https://www.flashscore.ru.com/match/hQBRAqNm/#/match-summary/match-summary,Завершен,Сок Дж. (Сша),Гренье У. (Фра),1.25,4.00
OdMUFnCD,23/06,ATP - ОДИНОЧНЫЙ РАЗРЯД. Уимблдон (Великобритания) - квалификация,трава,2,https://www.flashscore.ru.com/match/OdMUFnCD/#/match-summary/match-summary,Завершен,Хиджиката Р. (Авс),Кун Н. (Гер),1.58,2.40
fwxkB1ms,23/06,ATP - ОДИНОЧНЫЙ РАЗРЯД. Уимблдон (Великобритания) - квалификация,трава,2,https://www.flashscore.ru.com/match/fwxkB1ms/#/match-summary/match-summary,Завершен,Хуслер М. (Шва),Джанг Дж. (Тайв),1.25,4.00
CWg0MKsq,23/06,ATP - ОДИНОЧНЫЙ РАЗРЯД. Уимблдон (Великобритания) - квалификация,трава,2,https://www.flashscore.ru.com/match/CWg0MKsq/#/match-summary/match-summary,Завершен,Кублер Дж. (Авс),Имер Э. (Шве),1.80,2.02
SMMoYHte,23/06,WTA - ОДИНОЧНЫЙ РАЗРЯД. Уимблдон (Великобритания) - квалификация,трава,2,https://www.flashscore.ru.com/match/SMMoYHte/#/match-summary/match-summary,Завершен,Викмайер Я. (Бел),Чан Су Джон (Кор),1.64,2.28
EenGxDjU,23/06,WTA - ОДИНОЧНЫЙ РАЗРЯД. Уимблдон (Великобритания) - квалификация,трава,2,https://www.flashscore.ru.com/match/EenGxDjU/#/match-summary/match-summary,Завершен,Завацкая К. (Укр),Фетт Я. (Хор),2.21,1.68
jJEJoVBm,23/06,WTA - ОДИНОЧНЫЙ РАЗРЯД. Уимблдон (Великобритания) - квалификация,трава,2,https://www.flashscore.ru.com/match/jJEJoVBm/#/match-summary/match-summary,Завершен,Ферро Ф. (Фра),Бектас Э. (Сша),1.48,2.70
jNh4Lvck,23/06,WTA - ОДИНОЧНЫЙ РАЗРЯД. Уимблдон (Великобритания) - квалификация,трава,2,https://www.flashscore.ru.com/match/jNh4Lvck/#/match-summary/match-summary,Завершен,Шарма А. (Авс),Хименес-Касинцева В. (Анд),2.16,1.70
A9rNWZFH,23/06,WTA - ОДИНОЧНЫЙ РАЗРЯД. Уимблдон (Великобритания) - квалификация,трава,2,https://www.flashscore.ru.com/match/A9rNWZFH/#/match-summary/match-summary,Завершен,Чирико Л. (Сша),Фон Дайхманн К. (Лих),1.78,2.05
xlEQwsE9,23/06,WTA - ОДИНОЧНЫЙ РАЗРЯД. Уимблдон (Великобритания) - квалификация,трава,2,https://www.flashscore.ru.com/match/xlEQwsE9/#/match-summary/match-summary,Завершен,Кава К. (Пол),Жанжан Л. (Фра),1.97,1.84
xUc5d1rd,23/06,WTA - ОДИНОЧНЫЙ РАЗРЯД. Уимблдон (Великобритания) - квалификация,трава,2,https://www.flashscore.ru.com/match/xUc5d1rd/#/match-summary/match-summary,Завершен,Инглис М. (Авс),Костич Н. (Сер),1.71,2.15
tSHIi3wo,23/06,WTA - ОДИНОЧНЫЙ РАЗРЯД. Уимблдон (Великобритания) - квалификация,трава,2,https://www.flashscore.ru.com/match/tSHIi3wo/#/match-summary/match-summary,Завершен,Бьорклунд М. (Шве),Карле М. Л. (Арг),1.49,2.65
rH3URtKL,23/06,WTA - ОДИНОЧНЫЙ РАЗРЯД. Уимблдон (Великобритания) - квалификация,трава,2,https://www.flashscore.ru.com/match/rH3URtKL/#/match-summary/match-summary,Завершен,Понше Дж. (Фра),Форлис Д. (Авс),2.55,1.52
CWBaPsaG,23/06,WTA - ОДИНОЧНЫЙ РАЗРЯД. Уимблдон (Великобритания) - квалификация,трава,2,https://www.flashscore.ru.com/match/CWBaPsaG/#/match-summary/match-summary,Завершен,Лао Д. (Сша),Шунк Н. М. (Гер),2.21,1.67
0IZ8yb1n,23/06,WTA - ОДИНОЧНЫЙ РАЗРЯД. Уимблдон (Великобритания) - квалификация,трава,2,https://www.flashscore.ru.com/match/0IZ8yb1n/#/match-summary/match-summary,Неявка,Хон П. (Авс),Хайвс З. (Авс),1.31,3.45
Ox8QpP0s,23/06,WTA - ОДИНОЧНЫЙ РАЗРЯД. Уимблдон (Великобритания) - квалификация,трава,2,https://www.flashscore.ru.com/match/Ox8QpP0s/#/match-summary/match-summary,Завершен,Вандевеге К. (Сша),Хвалинска М. (Пол),1.45,2.80
rRWQq9t0,23/06,WTA - ОДИНОЧНЫЙ РАЗРЯД. Уимблдон (Великобритания) - квалификация,трава,2,https://www.flashscore.ru.com/match/rRWQq9t0/#/match-summary/match-summary,Завершен,Керкхове Л. (Нид),Макхейл К. (Сша),2.42,1.57
nP44F6Vi,23/06,WTA - ОДИНОЧНЫЙ РАЗРЯД. Уимблдон (Великобритания) - квалификация,трава,2,https://www.flashscore.ru.com/match/nP44F6Vi/#/match-summary/match-summary,Завершен,Хонтама М. (Япо),Сан Л. (Шва),1.82,1.99
fi7YQ0ZR,23/06,WTA - ОДИНОЧНЫЙ РАЗРЯД. Уимблдон (Великобритания) - квалификация,трава,2,https://www.flashscore.ru.com/match/fi7YQ0ZR/#/match-summary/match-summary,Завершен,Бабош Т. (Вен),Контрерас Гомес Ф. (Мек),1.48,2.65
GxYAIWs1,23/06,WTA - ОДИНОЧНЫЙ РАЗРЯД. Уимблдон (Великобритания) - квалификация,трава,2,https://www.flashscore.ru.com/match/GxYAIWs1/#/match-summary/match-summary,Завершен,Юань Ю. (Кит),Харрисон К. (Сша),2.19,1.69
j7xQ6nde,23/06,ATP - ОДИНОЧНЫЙ РАЗРЯД. Истбурн (Великобритания),трава,2,https://www.flashscore.ru.com/match/j7xQ6nde/#/match-summary/match-summary,Завершен,Норри К. (Вел),Кресси М. (Сша),1.47,2.70
SxHHaxgR,23/06,ATP - ОДИНОЧНЫЙ РАЗРЯД. Истбурн (Великобритания),трава,2,https://www.flashscore.ru.com/match/SxHHaxgR/#/match-summary/match-summary,Завершен,Мартинес Портеро П. (Исп),Пенистон Р. (Вел),2.90,1.42
U7MfQNqA,23/06,ATP - ОДИНОЧНЫЙ РАЗРЯД. Истбурн (Великобритания),трава,2,https://www.flashscore.ru.com/match/U7MfQNqA/#/match-summary/match-summary,Завершен,Бублик А. (Каз),Фриц Т. (Сша),1.80,2.02
xve0JU42,23/06,ATP - ОДИНОЧНЫЙ РАЗРЯД. Истбурн (Великобритания),трава,2,https://www.flashscore.ru.com/match/xve0JU42/#/match-summary/match-summary,Завершен,Дрейпер Дж. (Вел),Пенистон Р. (Вел),1.48,2.65
YuiQArpN,23/06,ATP - ОДИНОЧНЫЙ РАЗРЯД. Истбурн (Великобритания),трава,2,https://www.flashscore.ru.com/match/YuiQArpN/#/match-summary/match-summary,Завершен,Де Минаур А. (Авс),Пол Т. (Сша),1.38,3.10
M7xWaO31,23/06,ATP - ОДИНОЧНЫЙ РАЗРЯД. Кубок Дэвиса Группа 3 (Мир),no_court,2,https://www.flashscore.ru.com/match/M7xWaO31/#/match-summary/match-summary,Завершен,Rodesch C. (Люк),Снитари И. (Мол),-,-
nTMoLYZ9,23/06,ATP - ОДИНОЧНЫЙ РАЗРЯД. Кубок Дэвиса Группа 3 (Мир),no_court,2,https://www.flashscore.ru.com/match/nTMoLYZ9/#/match-summary/match-summary,Завершен,Бакши А. (Гру),Peppard E. (Лих),-,-
b7tiaiDj,23/06,ATP - ОДИНОЧНЫЙ РАЗРЯД. Кубок Дэвиса Группа 3 (Мир),no_court,2,https://www.flashscore.ru.com/match/b7tiaiDj/#/match-summary/match-summary,Завершен,Efstathiou M. (Кип),Yedigaryan R. (Арм),-,-
hSlJ2QJr,23/06,ATP - ОДИНОЧНЫЙ РАЗРЯД. Кубок Дэвиса Группа 3 (Мир),no_court,2,https://www.flashscore.ru.com/match/hSlJ2QJr/#/match-summary/match-summary,Завершен,Jovanovic P. (Чрн),Ивановски К. (Мак),-,-
tjMkKhkG,23/06,ATP - ОДИНОЧНЫЙ РАЗРЯД. Кубок Дэвиса Группа 3 (Мир),no_court,2,https://www.flashscore.ru.com/match/tjMkKhkG/#/match-summary/match-summary,Завершен,Пурцеладзе С. (Гру),Spasojevic A. (Лих),-,-
CAUYNzji,23/06,ATP - ОДИНОЧНЫЙ РАЗРЯД. Кубок Дэвиса Группа 3 (Мир),no_court,2,https://www.flashscore.ru.com/match/CAUYNzji/#/match-summary/match-summary,Завершен,Хрисокос П. (Кип),Аветисян М. (Арм),-,-
zivO1pZl,23/06,ATP - ОДИНОЧНЫЙ РАЗРЯД. Кубок Дэвиса Группа 3 (Мир),no_court,2,https://www.flashscore.ru.com/match/zivO1pZl/#/match-summary/match-summary,Завершен,Cungu R. (Чрн),Bugarikj B. (Мак),-,-
0byzarJ7,23/06,ATP - ОДИНОЧНЫЙ РАЗРЯД. Кубок Дэвиса Группа 3 (Мир),no_court,2,https://www.flashscore.ru.com/match/0byzarJ7/#/match-summary/match-summary,Завершен,Кнафф А. (Люк),Козбинов А. (Мол),-,-
htMKURSE,23/06,ATP - ОДИНОЧНЫЙ РАЗРЯД. Кубок Дэвиса Группа 3 (Мир),no_court,2,https://www.flashscore.ru.com/match/htMKURSE/#/match-summary/match-summary,Завершен(отказ),Abdul s. R. (Вен),Гарсия Иг. (Пуэ),2.38,1.47
zm0kSY6G,23/06,ATP - ОДИНОЧНЫЙ РАЗРЯД. Кубок Дэвиса Группа 3 (Мир),no_court,2,https://www.flashscore.ru.com/match/zm0kSY6G/#/match-summary/match-summary,Завершен(отказ),Борба Х. (Пар),Quiros S. (Кос),-,-
pb7xVzNc,23/06,ATP - ОДИНОЧНЫЙ РАЗРЯД. Кубок Дэвиса Группа 3 (Мир),no_court,2,https://www.flashscore.ru.com/match/pb7xVzNc/#/match-summary/match-summary,Завершен,Dominguez S. (Гве),Chevez J. D. (Пан),1.19,4.00
KxRQ8p6e,23/06,ATP - ОДИНОЧНЫЙ РАЗРЯД. Кубок Дэвиса Группа 3 (Мир),no_court,2,https://www.flashscore.ru.com/match/KxRQ8p6e/#/match-summary/match-summary,Завершен,Филипс Р. (Ямк),Newman B. (Баг),-,-
0nZY6Oz8,23/06,ATP - ОДИНОЧНЫЙ РАЗРЯД. Кубок Дэвиса Группа 3 (Мир),no_court,2,https://www.flashscore.ru.com/match/0nZY6Oz8/#/match-summary/match-summary,Завершен,Бикнелл Б. (Ямк),Newman S. (Баг),1.25,3.45
vL6tUfx4,23/06,ATP - ОДИНОЧНЫЙ РАЗРЯД. Кубок Дэвиса Группа 3 (Мир),no_court,2,https://www.flashscore.ru.com/match/vL6tUfx4/#/match-summary/match-summary,Завершен,Hernandez Mariona K. (Гве),Родригес М. (Пан),2.38,1.47
AHGPTorL,23/06,ATP - ОДИНОЧНЫЙ РАЗРЯД. Кубок Дэвиса Группа 3 (Мир),no_court,2,https://www.flashscore.ru.com/match/AHGPTorL/#/match-summary/match-summary,Завершен,Родригес Р. (Вен),Гарай К. (Пуэ),1.15,4.55
CCNIA6yq,23/06,ATP - ОДИНОЧНЫЙ РАЗРЯД. Кубок Дэвиса Группа 3 (Мир),no_court,2,https://www.flashscore.ru.com/match/CCNIA6yq/#/match-summary/match-summary,Завершен,Валлехо Д. (Пар),Флорес Х. (Кос),1.25,3.45
6Xw4RgdS,23/06,ATP - ОДИНОЧНЫЙ РАЗРЯД. Майорка (Испания),трава,2,https://www.flashscore.ru.com/match/6Xw4RgdS/#/match-summary/match-summary,Завершен,Альтмайер Д. (Гер),Бонзи Б. (Фра),3.60,1.30
8rXU56B1,23/06,ATP - ОДИНОЧНЫЙ РАЗРЯД. Майорка (Испания),трава,2,https://www.flashscore.ru.com/match/8rXU56B1/#/match-summary/match-summary,Завершен,Хирон М. (Сша),Циципас С. (Гре),4.60,1.20
QDvbrHMh,23/06,ATP - ОДИНОЧНЫЙ РАЗРЯД. Майорка (Испания),трава,2,https://www.flashscore.ru.com/match/QDvbrHMh/#/match-summary/match-summary,Завершен,Медведев Д. (Рос),Баутиста-Агут Р. (Исп),1.35,3.25
rsR9KAcr,23/06,ATP - ОДИНОЧНЫЙ РАЗРЯД. Майорка (Испания),трава,2,https://www.flashscore.ru.com/match/rsR9KAcr/#/match-summary/match-summary,Завершен,Белье А. (Шва),Грикспур Т. (Нид),3.35,1.33
fikN1n60,23/06,WTA - ОДИНОЧНЫЙ РАЗРЯД. Бад Хомбург (Германия),трава,2,https://www.flashscore.ru.com/match/fikN1n60/#/match-summary/match-summary,Завершен,Гарсия К. (Фра),Лисицки С. (Гер),1.60,2.36
zF872X49,23/06,WTA - ОДИНОЧНЫЙ РАЗРЯД. Бад Хомбург (Германия),трава,2,https://www.flashscore.ru.com/match/zF872X49/#/match-summary/match-summary,Завершен,Касаткина Д. (Рос),Андрееску Б. (Кан),1.70,2.17
zBS7u0lL,23/06,WTA - ОДИНОЧНЫЙ РАЗРЯД. Бад Хомбург (Германия),трава,2,https://www.flashscore.ru.com/match/zBS7u0lL/#/match-summary/match-summary,Завершен,Корне А. (Фра),Кербер А. (Гер),3.50,1.31
GvkOlJqP,23/06,WTA - ОДИНОЧНЫЙ РАЗРЯД. Бад Хомбург (Германия),трава,2,https://www.flashscore.ru.com/match/GvkOlJqP/#/match-summary/match-summary,Завершен,Халеп С. (Рум),Анисимова А. (Сша),1.67,2.22
C2GRT4kg,23/06,WTA - ОДИНОЧНЫЙ РАЗРЯД. Истбурн (Великобритания),трава,2,https://www.flashscore.ru.com/match/C2GRT4kg/#/match-summary/match-summary,Завершен,Джорджи К. (Ита),Томова В. (Бог),1.20,4.70
G4dLBOUG,23/06,WTA - ОДИНОЧНЫЙ РАЗРЯД. Истбурн (Великобритания),трава,2,https://www.flashscore.ru.com/match/G4dLBOUG/#/match-summary/match-summary,Завершен,Квитова П. (Чех),Дарт Х. (Вел),1.31,3.50
r7b1csTk,23/06,WTA - ОДИНОЧНЫЙ РАЗРЯД. Истбурн (Великобритания),трава,2,https://www.flashscore.ru.com/match/r7b1csTk/#/match-summary/match-summary,Завершен,Остапенко Е. (Лат),Калинина А. (Укр),1.46,2.75
0hzer242,23/06,WTA - ОДИНОЧНЫЙ РАЗРЯД. Истбурн (Великобритания),трава,2,https://www.flashscore.ru.com/match/0hzer242/#/match-summary/match-summary,Неявка,Хаддад Майа Б. (Бра),Цуренко Л. (Укр),1.31,3.50
CbzvQWZK,23/06,ATP - ПАРНЫЙ РАЗРЯД. Истбурн (Великобритания),трава,2,https://www.flashscore.ru.com/match/CbzvQWZK/#/match-summary/match-summary,Завершен,Додиг И./Крайчек О.,Мидделкоп М./Сэвилл Л.,1.37,2.70
QZF3O1EM,23/06,ATP - ПАРНЫЙ РАЗРЯД. Истбурн (Великобритания),трава,2,https://www.flashscore.ru.com/match/QZF3O1EM/#/match-summary/match-summary,Завершен,Мектич Н./Павич М.,Маррей Дже./Соарес Б.,1.55,2.24
j1TxNf5c,23/06,ATP - ПАРНЫЙ РАЗРЯД. Кубок Дэвиса Группа 3 (Мир),no_court,2,https://www.flashscore.ru.com/match/j1TxNf5c/#/match-summary/match-summary,Завершен,Kyratzis S./Neos E.,Mkrtchyan A./Никогосян Г.,-,-
8xOsMEK3,23/06,ATP - ПАРНЫЙ РАЗРЯД. Кубок Дэвиса Группа 3 (Мир),no_court,2,https://www.flashscore.ru.com/match/8xOsMEK3/#/match-summary/match-summary,Завершен,Бакши А./Ткемаладзе З.,Besimo G./Spasojevic A.,-,-
EswS04le,23/06,ATP - ПАРНЫЙ РАЗРЯД. Кубок Дэвиса Группа 3 (Мир),no_court,2,https://www.flashscore.ru.com/match/EswS04le/#/match-summary/match-summary,Отменен,Cungu R./Jovanovic P.,Bugarikj B./Ивановски К.,-,-
x6VJCJmm,23/06,ATP - ПАРНЫЙ РАЗРЯД. Кубок Дэвиса Группа 3 (Мир),no_court,2,https://www.flashscore.ru.com/match/x6VJCJmm/#/match-summary/match-summary,Завершен,Cungu R./Jovanovic P.,Ивановски К./Шрибляк Г.,-,-
23FINRe8,23/06,ATP - ПАРНЫЙ РАЗРЯД. Кубок Дэвиса Группа 3 (Мир),no_court,2,https://www.flashscore.ru.com/match/23FINRe8/#/match-summary/match-summary,Завершен,Кнафф А./Rodesch C.,Козбинов А./Снитари И.,-,-
EkNGV7D8,23/06,ATP - ПАРНЫЙ РАЗРЯД. Кубок Дэвиса Группа 3 (Мир),no_court,2,https://www.flashscore.ru.com/match/EkNGV7D8/#/match-summary/match-summary,Отменен,Бикнелл Б./Филипс Р.,Newman B./Rolle M.,1.55,2.24
vJZWbOqG,23/06,ATP - ПАРНЫЙ РАЗРЯД. Кубок Дэвиса Группа 3 (Мир),no_court,2,https://www.flashscore.ru.com/match/vJZWbOqG/#/match-summary/match-summary,Завершен,Bicknell J./Chin J.,Newman S./Rolle M.,-,-
hOApTEiA,23/06,ATP - ПАРНЫЙ РАЗРЯД. Кубок Дэвиса Группа 3 (Мир),no_court,2,https://www.flashscore.ru.com/match/hOApTEiA/#/match-summary/match-summary,Отменен,Botran Neutze R./Hernandez Mariona K. A.,Гомес Л./Родригес М.,1.68,2.04
xfwG26pi,23/06,ATP - ПАРНЫЙ РАЗРЯД. Кубок Дэвиса Группа 3 (Мир),no_court,2,https://www.flashscore.ru.com/match/xfwG26pi/#/match-summary/match-summary,3-й сет,Dominguez S./Hernandez Mariona K.,Гомес Л./Родригес М.,-,-
l8FTS5cR,23/06,ATP - ПАРНЫЙ РАЗРЯД. Кубок Дэвиса Группа 3 (Мир),no_court,2,https://www.flashscore.ru.com/match/l8FTS5cR/#/match-summary/match-summary,Отменен,Перес Б./Родригес Р.,Гарай К./Гарсия Иг.,1.07,6.85
CWgACsEF,23/06,ATP - ПАРНЫЙ РАЗРЯД. Кубок Дэвиса Группа 3 (Мир),no_court,2,https://www.flashscore.ru.com/match/CWgACsEF/#/match-summary/match-summary,2-й сет,Перес Б./Sinopoli F.,Гарай К./Marrero J. E.,-,-
tnSM9Qjk,23/06,ATP - ПАРНЫЙ РАЗРЯД. Кубок Дэвиса Группа 3 (Мир),no_court,2,https://www.flashscore.ru.com/match/tnSM9Qjk/#/match-summary/match-summary,Отменен,Валлехо Д./Вергара дель Пуэрто М.,Флорес Х./Nunez P.,1.85,1.85
bsVvSMD2,23/06,ATP - ПАРНЫЙ РАЗРЯД. Кубок Дэвиса Группа 3 (Мир),no_court,2,https://www.flashscore.ru.com/match/bsVvSMD2/#/match-summary/match-summary,1-й сет,Escurra Isnardi H. J./Вергара дель Пуэрто М.,Lozano J./Nunez P.,-,-
GSOjaLAb,23/06,ATP - ПАРНЫЙ РАЗРЯД. Майорка (Испания),трава,2,https://www.flashscore.ru.com/match/GSOjaLAb/#/match-summary/match-summary,Завершен,Аревало М./Ройер Ж.,Эрлер А./Мидлер Л.,1.16,4.40
jNhHASsn,23/06,ATP - ПАРНЫЙ РАЗРЯД. Майорка (Испания),трава,2,https://www.flashscore.ru.com/match/jNhHASsn/#/match-summary/match-summary,Завершен,Карацев А./Флиген Й.,Матос Р./Вега-Эрнандес Д.,2.40,1.46
YFPws7QI,23/06,ATP - ПАРНЫЙ РАЗРЯД. Майорка (Испания),трава,2,https://www.flashscore.ru.com/match/YFPws7QI/#/match-summary/match-summary,Завершен,Эбден М./Освальд Ф.,Бехар А./Эскобар Г.,2.11,1.62
K2pY6psB,23/06,WTA - ПАРНЫЙ РАЗРЯД. Бад Хомбург (Германия),трава,2,https://www.flashscore.ru.com/match/K2pY6psB/#/match-summary/match-summary,Завершен,Кристиан К./Морозова Л.,Михаликова Т./Саснович А.,1.97,1.74
UBMAfQxi,23/06,WTA - ПАРНЫЙ РАЗРЯД. Бад Хомбург (Германия),трава,2,https://www.flashscore.ru.com/match/UBMAfQxi/#/match-summary/match-summary,Завершен,Фомина А./Гасанова А.,Росольска А./Рутлифф Э.,3.30,1.27
QwdUoYYj,23/06,WTA - ПАРНЫЙ РАЗРЯД. Бад Хомбург (Германия),трава,2,https://www.flashscore.ru.com/match/QwdUoYYj/#/match-summary/match-summary,Завершен,Калашникова О./Нил И.,Киченок Н./Олару Р.,3.30,1.27
zNbLHHjp,23/06,WTA - ПАРНЫЙ РАЗРЯД. Истбурн (Великобритания),трава,2,https://www.flashscore.ru.com/match/zNbLHHjp/#/match-summary/match-summary,Завершен,Крейчикова Б./Шибахара Е.,Сюй Ифань/Ян Ч.,1.45,2.43
QTSLcdMu,23/06,WTA - ПАРНЫЙ РАЗРЯД. Истбурн (Великобритания),трава,2,https://www.flashscore.ru.com/match/QTSLcdMu/#/match-summary/match-summary,Завершен,Киченок Л./Остапенко Е.,Дарт Х./Уотсон Х.,1.27,3.30
b9HJGDMk,23/06,ЧЕЛЛЕНДЖЕР МУЖЧИНЫ - ОДИНОЧНЫЙ РАЗРЯД. Буэнос Айрес (Аргентина),грунт,2,https://www.flashscore.ru.com/match/b9HJGDMk/#/match-summary/match-summary,Завершен,Виллануэва Г. (Арг),Андреоцци Г. (Арг),2.01,1.72
tz2bA4VC,23/06,ЧЕЛЛЕНДЖЕР МУЖЧИНЫ - ОДИНОЧНЫЙ РАЗРЯД. Буэнос Айрес (Аргентина),грунт,2,https://www.flashscore.ru.com/match/tz2bA4VC/#/match-summary/match-summary,Завершен,Галарса Х. И. (Арг),Жазири М. (Тун),1.86,1.85
dCPN3H2b,23/06,ЧЕЛЛЕНДЖЕР МУЖЧИНЫ - ОДИНОЧНЫЙ РАЗРЯД. Буэнос Айрес (Аргентина),грунт,2,https://www.flashscore.ru.com/match/dCPN3H2b/#/match-summary/match-summary,Завершен,Навоне М. (Арг),Хардт Н. (Дон),3.45,1.26
YVmwZptA,23/06,ЧЕЛЛЕНДЖЕР МУЖЧИНЫ - ОДИНОЧНЫЙ РАЗРЯД. Буэнос Айрес (Аргентина),грунт,2,https://www.flashscore.ru.com/match/YVmwZptA/#/match-summary/match-summary,Завершен,Фикович Х.-П. (Арг),Хуарес Ф. (Арг),1.33,3.05
pphjwf5G,23/06,ЧЕЛЛЕНДЖЕР МУЖЧИНЫ - ОДИНОЧНЫЙ РАЗРЯД. Милан (Италия),грунт,2,https://www.flashscore.ru.com/match/pphjwf5G/#/match-summary/match-summary,Завершен,Марожан Ф. (Вен),Ватутин А. (Рос),1.38,2.80
EqhXkxM9,23/06,ЧЕЛЛЕНДЖЕР МУЖЧИНЫ - ОДИНОЧНЫЙ РАЗРЯД. Милан (Италия),грунт,2,https://www.flashscore.ru.com/match/EqhXkxM9/#/match-summary/match-summary,Завершен,Бранкаччио Р. (Ита),Дурасович В. (Нор),1.31,3.15
xhvv9KFd,23/06,ЧЕЛЛЕНДЖЕР МУЖЧИНЫ - ОДИНОЧНЫЙ РАЗРЯД. Милан (Италия),грунт,2,https://www.flashscore.ru.com/match/xhvv9KFd/#/match-summary/match-summary,Завершен,Чеккинато М. (Ита),Гиганте М. (Ита),1.44,2.60
06TF4SHJ,23/06,ЧЕЛЛЕНДЖЕР МУЖЧИНЫ - ОДИНОЧНЫЙ РАЗРЯД. Милан (Италия),грунт,2,https://www.flashscore.ru.com/match/06TF4SHJ/#/match-summary/match-summary,Завершен,Пассаро Ф. (Ита),Галарно А. (Кан),1.23,3.75
WzXeuhS2,23/06,ЧЕЛЛЕНДЖЕР МУЖЧИНЫ - ОДИНОЧНЫЙ РАЗРЯД. Оэйраш 3 (Португалия),грунт,2,https://www.flashscore.ru.com/match/WzXeuhS2/#/match-summary/match-summary,Завершен,Гутьеррес Оскар Х. (Бра),Жаке К. (Фра),2.06,1.68
I9jw0WUJ,23/06,ЧЕЛЛЕНДЖЕР МУЖЧИНЫ - ОДИНОЧНЫЙ РАЗРЯД. Оэйраш 3 (Португалия),грунт,2,https://www.flashscore.ru.com/match/I9jw0WUJ/#/match-summary/match-summary,Завершен,Никлес Й. (Шва),Рыбаков А. (Сша),2.29,1.56
lj8SFjl9,23/06,ЧЕЛЛЕНДЖЕР МУЖЧИНЫ - ОДИНОЧНЫЙ РАЗРЯД. Оэйраш 3 (Португалия),грунт,2,https://www.flashscore.ru.com/match/lj8SFjl9/#/match-summary/match-summary,Завершен,Санче-Искердо Н. (Исп),Баньис Ф. (Арг),2.85,1.37
WA7hoZCq,23/06,ЧЕЛЛЕНДЖЕР МУЖЧИНЫ - ОДИНОЧНЫЙ РАЗРЯД. Оэйраш 3 (Португалия),грунт,2,https://www.flashscore.ru.com/match/WA7hoZCq/#/match-summary/match-summary,Завершен,Харри Н. (Чил),Оливейра Г. (Пор),1.11,5.40
v92nAfnq,23/06,ЧЕЛЛЕНДЖЕР МУЖЧИНЫ - ПАРНЫЙ РАЗРЯД. Буэнос Айрес (Аргентина),грунт,2,https://www.flashscore.ru.com/match/v92nAfnq/#/match-summary/match-summary,Неявка,Уэртас Дель Пиньо К./Уэртас Дель Пино А.,Баррена А./Мартинес М. Н.,1.54,2.33
jF01tkhb,23/06,ЧЕЛЛЕНДЖЕР МУЖЧИНЫ - ПАРНЫЙ РАЗРЯД. Буэнос Айрес (Аргентина),грунт,2,https://www.flashscore.ru.com/match/jF01tkhb/#/match-summary/match-summary,Неявка,Андреоцци Г./Дюран Г.,Кару И./Виллануэва Г.,1.41,2.70
WfHyUeW9,23/06,ЧЕЛЛЕНДЖЕР МУЖЧИНЫ - ПАРНЫЙ РАЗРЯД. Милан (Италия),грунт,2,https://www.flashscore.ru.com/match/WfHyUeW9/#/match-summary/match-summary,Завершен,Хьюи Т./Скугор Ф.,Идальго Д./Родригес К.,1.87,1.83
MRz5xvnt,23/06,ЧЕЛЛЕНДЖЕР МУЖЧИНЫ - ПАРНЫЙ РАЗРЯД. Милан (Италия),грунт,2,https://www.flashscore.ru.com/match/MRz5xvnt/#/match-summary/match-summary,Завершен,Арнабольди Ф./Феррари Джа.,Арнеодо Р./Эйссерик Ж.,4.80,1.15
Kz6llUWh,23/06,ЧЕЛЛЕНДЖЕР МУЖЧИНЫ - ПАРНЫЙ РАЗРЯД. Милан (Италия),грунт,2,https://www.flashscore.ru.com/match/Kz6llUWh/#/match-summary/match-summary,Завершен,Дардери Л./Ромболи Ф.,Матушевски П./Паулсон Э.,1.44,2.60
2TQiz7CP,23/06,ЧЕЛЛЕНДЖЕР МУЖЧИНЫ - ПАРНЫЙ РАЗРЯД. Милан (Италия),грунт,2,https://www.flashscore.ru.com/match/2TQiz7CP/#/match-summary/match-summary,Завершен,Ломакин Г./Манафов В.,Ватутин А./Вайссборн Т.-С.,1.57,2.25
WfTxzvCr,23/06,ЧЕЛЛЕНДЖЕР МУЖЧИНЫ - ПАРНЫЙ РАЗРЯД. Оэйраш 3 (Португалия),грунт,2,https://www.flashscore.ru.com/match/WfTxzvCr/#/match-summary/match-summary,Завершен,Серретани Дж./Кадхе А.,Файзиев С./Карловский Е.,1.81,1.89
O8SJ7IXD,23/06,ЧЕЛЛЕНДЖЕР МУЖЧИНЫ - ПАРНЫЙ РАЗРЯД. Оэйраш 3 (Португалия),грунт,2,https://www.flashscore.ru.com/match/O8SJ7IXD/#/match-summary/match-summary,Завершен,Думбия С./Ребуль Ф.,Кабраль Ф./Домингеш Ж.,1.49,2.46
tMKHu3qc,23/06,ЧЕЛЛЕНДЖЕР МУЖЧИНЫ - ПАРНЫЙ РАЗРЯД. Оэйраш 3 (Португалия),грунт,2,https://www.flashscore.ru.com/match/tMKHu3qc/#/match-summary/match-summary,Завершен,Дутра Да Сильва Д./Никлес Й.,Гэллоуэй Р./Лоусон А.,2.70,1.40
tbzLe1Rd,23/06,ЧЕЛЛЕНДЖЕР МУЖЧИНЫ - ПАРНЫЙ РАЗРЯД. Оэйраш 3 (Португалия),грунт,2,https://www.flashscore.ru.com/match/tbzLe1Rd/#/match-summary/match-summary,Завершен,Гальдос С./Маргароли Л.,Кинг Э./Мартинес Л.-Д.,2.16,1.62
AF7rAuUh,23/06,ITF МУЖЧИНЫ - ОДИНОЧНЫЙ РАЗРЯД. M15 Alkmaar (Нидерланды),грунт,2,https://www.flashscore.ru.com/match/AF7rAuUh/#/match-summary/match-summary,Завершен,Де Кром М. (Нид),Мармузес Л. (Фра),2.75,1.40
rcZWTm0i,23/06,ITF МУЖЧИНЫ - ОДИНОЧНЫЙ РАЗРЯД. M15 Alkmaar (Нидерланды),грунт,2,https://www.flashscore.ru.com/match/rcZWTm0i/#/match-summary/match-summary,Завершен,Эрхард М. (Фра),Pel S. (Нид),1.06,7.20
E74a6cTH,23/06,ITF МУЖЧИНЫ - ОДИНОЧНЫЙ РАЗРЯД. M15 Alkmaar (Нидерланды),грунт,2,https://www.flashscore.ru.com/match/E74a6cTH/#/match-summary/match-summary,Завершен,Jans J. (Нид),Берреттини Дж. (Ита),3.95,1.21
zNh84ybU,23/06,ITF МУЖЧИНЫ - ОДИНОЧНЫЙ РАЗРЯД. M15 Alkmaar (Нидерланды),грунт,2,https://www.flashscore.ru.com/match/zNh84ybU/#/match-summary/match-summary,Завершен,Донски А. (Бог),Соррентино Л. (Ита),1.88,1.83
dWg45HrO,23/06,ITF МУЖЧИНЫ - ОДИНОЧНЫЙ РАЗРЯД. M15 Alkmaar (Нидерланды),грунт,2,https://www.flashscore.ru.com/match/dWg45HrO/#/match-summary/match-summary,Завершен,Фриберг К. (Шве),Хёблал Э. (Нид),1.20,4.10
Sj2m9aqa,23/06,ITF МУЖЧИНЫ - ОДИНОЧНЫЙ РАЗРЯД. M15 Alkmaar (Нидерланды),грунт,2,https://www.flashscore.ru.com/match/Sj2m9aqa/#/match-summary/match-summary,Завершен,Хаукес М. (Нид),Капеччи Д. (Ита),1.54,2.33
6s1i8Jb5,23/06,ITF МУЖЧИНЫ - ОДИНОЧНЫЙ РАЗРЯД. M15 Alkmaar (Нидерланды),грунт,2,https://www.flashscore.ru.com/match/6s1i8Jb5/#/match-summary/match-summary,Завершен,Weststrate L. (Нид),Видаль Асорин Х. (Исп),3.25,1.30
040e7wEB,23/06,ITF МУЖЧИНЫ - ОДИНОЧНЫЙ РАЗРЯД. M15 Alkmaar (Нидерланды),грунт,2,https://www.flashscore.ru.com/match/040e7wEB/#/match-summary/match-summary,21:00TKP,Ринкон Д. (Исп),Дондерс Д. (Нид),1.11,5.60
E7pcEPk6,23/06,ITF МУЖЧИНЫ - ОДИНОЧНЫЙ РАЗРЯД. M15 Chiang Rai 6 (Таиланд),хард,2,https://www.flashscore.ru.com/match/E7pcEPk6/#/match-summary/match-summary,Завершен,Оти М. (Япо),Isaro P. (Таи),3.05,1.33
hbq1Dq5C,23/06,ITF МУЖЧИНЫ - ОДИНОЧНЫЙ РАЗРЯД. M15 Chiang Rai 6 (Таиланд),хард,2,https://www.flashscore.ru.com/match/hbq1Dq5C/#/match-summary/match-summary,Завершен,Тронгчароенчаикул В. (Таи),Юнчаокете Б. (Кит),7.00,1.07
nuRmI7js,23/06,ITF МУЖЧИНЫ - ОДИНОЧНЫЙ РАЗРЯД. M15 Chiang Rai 6 (Таиланд),хард,2,https://www.flashscore.ru.com/match/nuRmI7js/#/match-summary/match-summary,Завершен(отказ),Навасирисрмбун Дж. (Таи),Ваттанакул П. (Таи),1.59,2.22
f5UeGoLg,23/06,ITF МУЖЧИНЫ - ОДИНОЧНЫЙ РАЗРЯД. M15 Chiang Rai 6 (Таиланд),хард,2,https://www.flashscore.ru.com/match/f5UeGoLg/#/match-summary/match-summary,Завершен,Стэтхэм Х.-Р. (Нзл),Yu C. (Тайв),-,-
nLr5C3KI,23/06,ITF МУЖЧИНЫ - ОДИНОЧНЫЙ РАЗРЯД. M15 Chiang Rai 6 (Таиланд),хард,2,https://www.flashscore.ru.com/match/nLr5C3KI/#/match-summary/match-summary,Завершен,Sornlaksup P. (Таи),Самрей К. (Таи),6.40,1.08
27kHNTSJ,23/06,ITF МУЖЧИНЫ - ОДИНОЧНЫЙ РАЗРЯД. M15 Chiang Rai 6 (Таиланд),хард,2,https://www.flashscore.ru.com/match/27kHNTSJ/#/match-summary/match-summary,Завершен,Сунь Ф. (Кит),Тадзима Н. (Япо),1.06,7.40
z1cVaQzD,23/06,ITF МУЖЧИНЫ - ОДИНОЧНЫЙ РАЗРЯД. M15 Chiang Rai 6 (Таиланд),хард,2,https://www.flashscore.ru.com/match/z1cVaQzD/#/match-summary/match-summary,Завершен,Цуй Ц. (Кит),Congcar C. (Таи),1.10,5.80
tblLMmrQ,23/06,ITF МУЖЧИНЫ - ОДИНОЧНЫЙ РАЗРЯД. M15 Chiang Rai 6 (Таиланд),хард,2,https://www.flashscore.ru.com/match/tblLMmrQ/#/match-summary/match-summary,Завершен,Шароенфон Ю. (Таи),Хуань Ц. (Тайв),3.15,1.32
ribDDp04,23/06,ITF МУЖЧИНЫ - ОДИНОЧНЫЙ РАЗРЯД. M15 Kamen (Германия),грунт,2,https://www.flashscore.ru.com/match/ribDDp04/#/match-summary/match-summary,Завершен,Баттальино С. (Ита),Пихлер Д. (Авт),2.55,1.46
zLDgutsG,23/06,ITF МУЖЧИНЫ - ОДИНОЧНЫЙ РАЗРЯД. M15 Kamen (Германия),грунт,2,https://www.flashscore.ru.com/match/zLDgutsG/#/match-summary/match-summary,Завершен,Геллер П. (Гер),Никод Я. (Чех),1.34,3.00
EuOKSTIE,23/06,ITF МУЖЧИНЫ - ОДИНОЧНЫЙ РАЗРЯД. M15 Kamen (Германия),грунт,2,https://www.flashscore.ru.com/match/EuOKSTIE/#/match-summary/match-summary,Завершен,Крайнер Л. (Авт),Компануччи Т. (Ита),1.70,2.04
db0cEs7R,23/06,ITF МУЖЧИНЫ - ОДИНОЧНЫЙ РАЗРЯД. M15 Kamen (Германия),грунт,2,https://www.flashscore.ru.com/match/db0cEs7R/#/match-summary/match-summary,Завершен,Келан С. (Пол),Неделько И. (Рос),-,-
I129jLzt,23/06,ITF МУЖЧИНЫ - ОДИНОЧНЫЙ РАЗРЯД. M15 Kamen (Германия),грунт,2,https://www.flashscore.ru.com/match/I129jLzt/#/match-summary/match-summary,Завершен,Ян Й. (Гер),Данилов С. (Рос),2.09,1.66
0UkJ2Sjf,23/06,ITF МУЖЧИНЫ - ОДИНОЧНЫЙ РАЗРЯД. M15 Kamen (Германия),грунт,2,https://www.flashscore.ru.com/match/0UkJ2Sjf/#/match-summary/match-summary,Завершен,Эгеа Ф.-Э. (Арг),Сабанин Я. (Рос),1.26,3.74
8bm9KbCe,23/06,ITF МУЖЧИНЫ - ОДИНОЧНЫЙ РАЗРЯД. M15 Kamen (Германия),грунт,2,https://www.flashscore.ru.com/match/8bm9KbCe/#/match-summary/match-summary,Завершен,Белобородько И. (Укр),Прехтель С. (Гер),1.68,2.06
C6OstRuP,23/06,ITF МУЖЧИНЫ - ОДИНОЧНЫЙ РАЗРЯД. M15 Kamen (Германия),грунт,2,https://www.flashscore.ru.com/match/C6OstRuP/#/match-summary/match-summary,Завершен,Мораинг О. (Гер),Мёллекер Р. (Гер),4.70,1.15
MNSKhWfR,23/06,ITF МУЖЧИНЫ - ОДИНОЧНЫЙ РАЗРЯД. M15 Monastir 24 (Тунис),хард,2,https://www.flashscore.ru.com/match/MNSKhWfR/#/match-summary/match-summary,Завершен,Арутюнян Э. (Блр),Хо Р. (Тайв),2.85,1.38
zV8enUXf,23/06,ITF МУЖЧИНЫ - ОДИНОЧНЫЙ РАЗРЯД. M15 Monastir 24 (Тунис),хард,2,https://www.flashscore.ru.com/match/zV8enUXf/#/match-summary/match-summary,Завершен,Ван Х. (Кит),Саито К. (Япо),2.22,1.59
v3gHYA3e,23/06,ITF МУЖЧИНЫ - ОДИНОЧНЫЙ РАЗРЯД. M15 Monastir 24 (Тунис),хард,2,https://www.flashscore.ru.com/match/v3gHYA3e/#/match-summary/match-summary,Завершен,Оуака А. (Тун),Ноче Г. М. (Ита),1.97,1.75
08vCfhQE,23/06,ITF МУЖЧИНЫ - ОДИНОЧНЫЙ РАЗРЯД. M15 Monastir 24 (Тунис),хард,2,https://www.flashscore.ru.com/match/08vCfhQE/#/match-summary/match-summary,Завершен,Атман Т. (Фра),Чжан Цзэ (Кит),2.50,1.47
EFKnlj3r,23/06,ITF МУЖЧИНЫ - ОДИНОЧНЫЙ РАЗРЯД. M15 Monastir 24 (Тунис),хард,2,https://www.flashscore.ru.com/match/EFKnlj3r/#/match-summary/match-summary,Завершен,Валлар Э. (Фра),Мартин Д. (Кан),1.43,2.60
lYCaolm1,23/06,ITF МУЖЧИНЫ - ОДИНОЧНЫЙ РАЗРЯД. M15 Monastir 24 (Тунис),хард,2,https://www.flashscore.ru.com/match/lYCaolm1/#/match-summary/match-summary,Завершен,Вандермерш С. (Фра),Циас П. (Пол),6.40,1.08
dvlMXUI1,23/06,ITF МУЖЧИНЫ - ОДИНОЧНЫЙ РАЗРЯД. M15 Monastir 24 (Тунис),хард,2,https://www.flashscore.ru.com/match/dvlMXUI1/#/match-summary/match-summary,Завершен,Дугаз А. (Тун),Аксу Ч. (Туц),1.06,8.20
lYz8eYA8,23/06,ITF МУЖЧИНЫ - ОДИНОЧНЫЙ РАЗРЯД. M15 Monastir 24 (Тунис),хард,2,https://www.flashscore.ru.com/match/lYz8eYA8/#/match-summary/match-summary,Завершен,Му Т. (Кит),Те Р. (Кит),3.00,1.34
CvbFKGdk,23/06,ITF МУЖЧИНЫ - ОДИНОЧНЫЙ РАЗРЯД. M15 Raanana 2 (Израиль),хард,2,https://www.flashscore.ru.com/match/CvbFKGdk/#/match-summary/match-summary,Завершен,Кимхи О. (Изр),Джонс Б. (Вел),1.50,2.41
M9u6sv42,23/06,ITF МУЖЧИНЫ - ОДИНОЧНЫЙ РАЗРЯД. M15 Raanana 2 (Израиль),хард,2,https://www.flashscore.ru.com/match/M9u6sv42/#/match-summary/match-summary,Завершен,Мацуда Р. (Япо),Патаэль Б. (Изр),3.65,1.24
YcvNY3kd,23/06,ITF МУЖЧИНЫ - ОДИНОЧНЫЙ РАЗРЯД. M15 Raanana 2 (Израиль),хард,2,https://www.flashscore.ru.com/match/YcvNY3kd/#/match-summary/match-summary,Завершен,Симон С. (Изр),Бодмер А. (Шва),3.35,1.28
EgH9d7s3,23/06,ITF МУЖЧИНЫ - ОДИНОЧНЫЙ РАЗРЯД. M15 Raanana 2 (Израиль),хард,2,https://www.flashscore.ru.com/match/EgH9d7s3/#/match-summary/match-summary,Завершен,Стромбахс Р. (Гер),Shyovitz E. (Изр),-,11.00
00vAtbJ8,23/06,ITF МУЖЧИНЫ - ОДИНОЧНЫЙ РАЗРЯД. M15 Raanana 2 (Израиль),хард,2,https://www.flashscore.ru.com/match/00vAtbJ8/#/match-summary/match-summary,Завершен,Лешем Э. (Изр),Catry R. (Фра),1.15,4.80
8UVCeRd9,23/06,ITF МУЖЧИНЫ - ОДИНОЧНЫЙ РАЗРЯД. M15 Raanana 2 (Израиль),хард,2,https://www.flashscore.ru.com/match/8UVCeRd9/#/match-summary/match-summary,Завершен,Мерфи Б. (Вел),Глинка Д. (Эст),1.55,2.30
f3mKJzCe,23/06,ITF МУЖЧИНЫ - ОДИНОЧНЫЙ РАЗРЯД. M15 Raanana 2 (Израиль),хард,2,https://www.flashscore.ru.com/match/f3mKJzCe/#/match-summary/match-summary,Завершен,Goldenberg L. (Изр),Рейнберг Э. (Сша),6.40,1.08
z3I5cmSd,23/06,ITF МУЖЧИНЫ - ОДИНОЧНЫЙ РАЗРЯД. M15 Raanana 2 (Израиль),хард,2,https://www.flashscore.ru.com/match/z3I5cmSd/#/match-summary/match-summary,Завершен,Banerjee S. (Сша),Colby R. (Сша),1.46,2.50
tlm4AY5g,23/06,"ITF МУЖЧИНЫ - ОДИНОЧНЫЙ РАЗРЯД. M15 South Bend, IN (США)",хард,2,https://www.flashscore.ru.com/match/tlm4AY5g/#/match-summary/match-summary,Завершен,Секигути С. (Япо),Вашистха А. (Инд),1.25,3.60
xEcHC4FA,23/06,"ITF МУЖЧИНЫ - ОДИНОЧНЫЙ РАЗРЯД. M15 South Bend, IN (США)",хард,2,https://www.flashscore.ru.com/match/xEcHC4FA/#/match-summary/match-summary,Завершен,Грегг П. (Сша),Trotter J. K. (Япо),2.12,1.65
2qiMn6XK,23/06,"ITF МУЖЧИНЫ - ОДИНОЧНЫЙ РАЗРЯД. M15 South Bend, IN (США)",хард,2,https://www.flashscore.ru.com/match/2qiMn6XK/#/match-summary/match-summary,Завершен,Кирхгаймер С. (Сша),Anthrop J. (Сша),1.32,3.10
ptENpkRg,23/06,"ITF МУЖЧИНЫ - ОДИНОЧНЫЙ РАЗРЯД. M15 South Bend, IN (США)",хард,2,https://www.flashscore.ru.com/match/ptENpkRg/#/match-summary/match-summary,Завершен,Monday J. (Вел),Шахтер Н. (Сша),1.96,1.75
QgIUqrwN,23/06,"ITF МУЖЧИНЫ - ОДИНОЧНЫЙ РАЗРЯД. M15 South Bend, IN (США)",хард,2,https://www.flashscore.ru.com/match/QgIUqrwN/#/match-summary/match-summary,Завершен,Бернард А. (Сша),Корвин Ф. (Сша),2.55,1.45
MHF9DaIf,23/06,"ITF МУЖЧИНЫ - ОДИНОЧНЫЙ РАЗРЯД. M15 South Bend, IN (США)",хард,2,https://www.flashscore.ru.com/match/MHF9DaIf/#/match-summary/match-summary,Завершен,Tyler J. (Вел),Бангура С. (Сша),7.40,1.06
jTPiPPEM,23/06,"ITF МУЖЧИНЫ - ОДИНОЧНЫЙ РАЗРЯД. M15 South Bend, IN (США)",хард,2,https://www.flashscore.ru.com/match/jTPiPPEM/#/match-summary/match-summary,Завершен,Секигути С. (Япо),Шейн Р. (Сша),1.40,2.75
rVSPpONG,23/06,"ITF МУЖЧИНЫ - ОДИНОЧНЫЙ РАЗРЯД. M15 South Bend, IN (США)",хард,2,https://www.flashscore.ru.com/match/rVSPpONG/#/match-summary/match-summary,Завершен,Котзен А. (Сша),Кипсон П. (Сша),3.70,1.23
pGfatei5,23/06,"ITF МУЖЧИНЫ - ОДИНОЧНЫЙ РАЗРЯД. M15 South Bend, IN (США)",хард,2,https://www.flashscore.ru.com/match/pGfatei5/#/match-summary/match-summary,Завершен,Силиг К. (Сша),Tracy J. (Сша),1.85,1.85
d6lINDGr,23/06,ITF МУЖЧИНЫ - ОДИНОЧНЫЙ РАЗРЯД. M25 Arlon (Бельгия),грунт,2,https://www.flashscore.ru.com/match/d6lINDGr/#/match-summary/match-summary,Завершен,Биттун-Кузьмин К. (Фра),Коллиньон Р. (Бел),4.20,1.19
CYYGrFh8,23/06,ITF МУЖЧИНЫ - ОДИНОЧНЫЙ РАЗРЯД. M25 Arlon (Бельгия),грунт,2,https://www.flashscore.ru.com/match/CYYGrFh8/#/match-summary/match-summary,Завершен,Кроуфорд О. (Сша),Ванкан М. (Гер),1.10,5.80
bV8sUFwF,23/06,ITF МУЖЧИНЫ - ОДИНОЧНЫЙ РАЗРЯД. M25 Arlon (Бельгия),грунт,2,https://www.flashscore.ru.com/match/bV8sUFwF/#/match-summary/match-summary,Завершен,Онклин Г. (Бел),Roncadelli F. (Уру),1.06,7.20
QugMMXVl,23/06,ITF МУЖЧИНЫ - ОДИНОЧНЫЙ РАЗРЯД. M25 Arlon (Бельгия),грунт,2,https://www.flashscore.ru.com/match/QugMMXVl/#/match-summary/match-summary,Завершен,Бьюпэн С. (Бел),Скулкейт Т. (Авс),2.95,1.35
jPXKsZ7E,23/06,ITF МУЖЧИНЫ - ОДИНОЧНЫЙ РАЗРЯД. M25 Arlon (Бельгия),грунт,2,https://www.flashscore.ru.com/match/jPXKsZ7E/#/match-summary/match-summary,Завершен,Венельт К. (Гер),Войцик Ж. (Сша),1.37,2.85
CYCoTZhL,23/06,ITF МУЖЧИНЫ - ОДИНОЧНЫЙ РАЗРЯД. M25 Arlon (Бельгия),грунт,2,https://www.flashscore.ru.com/match/CYCoTZhL/#/match-summary/match-summary,Завершен,Гадамаури Б. (Бел),Бови А. (Бел),2.43,1.50
4WiQLioe,23/06,ITF МУЖЧИНЫ - ОДИНОЧНЫЙ РАЗРЯД. M25 Arlon (Бельгия),грунт,2,https://www.flashscore.ru.com/match/4WiQLioe/#/match-summary/match-summary,Завершен,Cloes L. (Бел),Шазаль М. (Фра),2.24,1.58
fc2jSg8R,23/06,ITF МУЖЧИНЫ - ОДИНОЧНЫЙ РАЗРЯД. M25 Arlon (Бельгия),грунт,2,https://www.flashscore.ru.com/match/fc2jSg8R/#/match-summary/match-summary,Завершен,Hoogmartens A. (Бел),Крецу С. (Рум),3.80,1.22
x4UxKGcH,23/06,ITF МУЖЧИНЫ - ОДИНОЧНЫЙ РАЗРЯД. M25 Klosters (Швейцария),грунт,2,https://www.flashscore.ru.com/match/x4UxKGcH/#/match-summary/match-summary,Завершен,Врбенски М. (Чех),Белуччи М. (Ита),2.28,1.56
YBXLNbbh,23/06,ITF МУЖЧИНЫ - ОДИНОЧНЫЙ РАЗРЯД. M25 Klosters (Швейцария),грунт,2,https://www.flashscore.ru.com/match/YBXLNbbh/#/match-summary/match-summary,Завершен,Speziali F. (Ита),Венгер Д. (Шва),6.20,1.09
KSZXKdrB,23/06,ITF МУЖЧИНЫ - ОДИНОЧНЫЙ РАЗРЯД. M25 Klosters (Швейцария),грунт,2,https://www.flashscore.ru.com/match/KSZXKdrB/#/match-summary/match-summary,Завершен,Фон дер Шуленбург Дж. (Шва),Яннакконе Ф. (Ита),1.74,1.98
AHSpIfST,23/06,ITF МУЖЧИНЫ - ОДИНОЧНЫЙ РАЗРЯД. M25 Klosters (Швейцария),грунт,2,https://www.flashscore.ru.com/match/AHSpIfST/#/match-summary/match-summary,Завершен,Hornitschek N. (Гер),Вайс А. (Ита),6.80,1.07
nFyQMIDb,23/06,ITF МУЖЧИНЫ - ОДИНОЧНЫЙ РАЗРЯД. M25 Klosters (Швейцария),грунт,2,https://www.flashscore.ru.com/match/nFyQMIDb/#/match-summary/match-summary,Завершен,Поль Я. (Шва),Палоши Ш. (Рум),2.19,1.60
GfTtJzDN,23/06,ITF МУЖЧИНЫ - ОДИНОЧНЫЙ РАЗРЯД. M25 Klosters (Швейцария),грунт,2,https://www.flashscore.ru.com/match/GfTtJzDN/#/match-summary/match-summary,Завершен,Стахели Л. (Шва),Ноймайер Л. (Авт),3.30,1.29
txyULxT4,23/06,ITF МУЖЧИНЫ - ОДИНОЧНЫЙ РАЗРЯД. M25 Klosters (Швейцария),грунт,2,https://www.flashscore.ru.com/match/txyULxT4/#/match-summary/match-summary,Завершен,Мари Ж. (Фра),Бертола Р. (Шва),1.53,2.36
84hwCWO7,23/06,ITF МУЖЧИНЫ - ОДИНОЧНЫЙ РАЗРЯД. M25 Klosters (Швейцария),грунт,2,https://www.flashscore.ru.com/match/84hwCWO7/#/match-summary/match-summary,Завершен,Ройе В. (Фра),Копп С. (Авт),1.23,3.70
j5L56cq4,23/06,ITF МУЖЧИНЫ - ОДИНОЧНЫЙ РАЗРЯД. M25 Klosters (Швейцария),грунт,2,https://www.flashscore.ru.com/match/j5L56cq4/#/match-summary/match-summary,Завершен,Копп С. (Авт),Зима Л. (Гер),-,-
Obq1c2pm,23/06,ITF МУЖЧИНЫ - ОДИНОЧНЫЙ РАЗРЯД. M25 Montauban (Франция),грунт,2,https://www.flashscore.ru.com/match/Obq1c2pm/#/match-summary/match-summary,Завершен,Аморос-Рамос П. (Исп),Бертранд Р. (Фра),7.40,1.06
MDuMhvaI,23/06,ITF МУЖЧИНЫ - ОДИНОЧНЫЙ РАЗРЯД. M25 Montauban (Франция),грунт,2,https://www.flashscore.ru.com/match/MDuMhvaI/#/match-summary/match-summary,Завершен,Легут Т. (Фра),Понтико У. (Фра),1.23,3.75
04vQibEO,23/06,ITF МУЖЧИНЫ - ОДИНОЧНЫЙ РАЗРЯД. M25 Montauban (Франция),грунт,2,https://www.flashscore.ru.com/match/04vQibEO/#/match-summary/match-summary,Завершен,Де Схеппер К. (Фра),Stable R. (Фра),1.06,7.40
ILr5dMag,23/06,ITF МУЖЧИНЫ - ОДИНОЧНЫЙ РАЗРЯД. M25 Montauban (Франция),грунт,2,https://www.flashscore.ru.com/match/ILr5dMag/#/match-summary/match-summary,Завершен,Кузухара Б. (Сша),Бланше Ю. (Фра),1.95,1.76
29I8GsiP,23/06,ITF МУЖЧИНЫ - ОДИНОЧНЫЙ РАЗРЯД. M25 Montauban (Франция),грунт,2,https://www.flashscore.ru.com/match/29I8GsiP/#/match-summary/match-summary,Завершен,Бриан Дж. (Фра),Гарсьян А. (Фра),1.09,6.00
WOn9etFa,23/06,ITF МУЖЧИНЫ - ОДИНОЧНЫЙ РАЗРЯД. M25 Montauban (Франция),грунт,2,https://www.flashscore.ru.com/match/WOn9etFa/#/match-summary/match-summary,15:30TKP,Мпеши-Перрикар Дж. (Фра),Misrahi J. (Фра),1.13,5.20
EmxEf0U5,23/06,ITF МУЖЧИНЫ - ОДИНОЧНЫЙ РАЗРЯД. M25 Montauban (Франция),грунт,2,https://www.flashscore.ru.com/match/EmxEf0U5/#/match-summary/match-summary,Завершен,Аррибаж Т. (Фра),Галак Н. (Блр),2.27,1.56
hvyIgKqC,23/06,ITF МУЖЧИНЫ - ОДИНОЧНЫЙ РАЗРЯД. M25 Montauban (Франция),грунт,2,https://www.flashscore.ru.com/match/hvyIgKqC/#/match-summary/match-summary,Завершен,Табакко Ф. (Ита),Майо Г. (Фра),4.10,1.20
vwf3uF6B,23/06,ITF МУЖЧИНЫ - ОДИНОЧНЫЙ РАЗРЯД. M25 Mungia (Испания),грунт,2,https://www.flashscore.ru.com/match/vwf3uF6B/#/match-summary/match-summary,Завершен,Монтес де ла Торре И. (Исп),Дешам Т. (Фра),1.73,2.00
UBxd5M7p,23/06,ITF МУЖЧИНЫ - ОДИНОЧНЫЙ РАЗРЯД. M25 Mungia (Испания),грунт,2,https://www.flashscore.ru.com/match/UBxd5M7p/#/match-summary/match-summary,Завершен,Карр С. (Ирл),Гулин С. (Рос),1.82,2.00
zs1iO0JU,23/06,ITF МУЖЧИНЫ - ОДИНОЧНЫЙ РАЗРЯД. M25 Mungia (Испания),грунт,2,https://www.flashscore.ru.com/match/zs1iO0JU/#/match-summary/match-summary,Завершен,Джонс Г. (Сша),Винтер Лопес Б. (Исп),1.92,1.79
zNnLKKjC,23/06,ITF МУЖЧИНЫ - ОДИНОЧНЫЙ РАЗРЯД. M25 Mungia (Испания),грунт,2,https://www.flashscore.ru.com/match/zNnLKKjC/#/match-summary/match-summary,Завершен,Секулич Ф. (Авс),Сантильян А. (Авс),3.15,1.31
lMtCbiJI,23/06,"ITF МУЖЧИНЫ - ОДИНОЧНЫЙ РАЗРЯД. M25 Tulsa, OK (США)",хард,2,https://www.flashscore.ru.com/match/lMtCbiJI/#/match-summary/match-summary,Завершен,Кумар О. (Сша),Майо Э. (Сша),1.88,1.83
fas8aX3C,23/06,"ITF МУЖЧИНЫ - ОДИНОЧНЫЙ РАЗРЯД. M25 Tulsa, OK (США)",хард,2,https://www.flashscore.ru.com/match/fas8aX3C/#/match-summary/match-summary,Завершен(отказ),Rollins P. (Сша),Шимизу Ю. (Япо),7.80,1.05
f7PhTF9l,23/06,"ITF МУЖЧИНЫ - ОДИНОЧНЫЙ РАЗРЯД. M25 Tulsa, OK (США)",хард,2,https://www.flashscore.ru.com/match/f7PhTF9l/#/match-summary/match-summary,Завершен,Шимабукуро Ш. (Япо),Завала А. (Сша),1.04,8.60
bgPeOqUS,23/06,"ITF МУЖЧИНЫ - ОДИНОЧНЫЙ РАЗРЯД. M25 Tulsa, OK (США)",хард,2,https://www.flashscore.ru.com/match/bgPeOqUS/#/match-summary/match-summary,Завершен,Кассон М. (Сша),Rollins P. (Сша),1.08,6.60
dU4WHs7d,23/06,"ITF МУЖЧИНЫ - ОДИНОЧНЫЙ РАЗРЯД. M25 Tulsa, OK (США)",хард,2,https://www.flashscore.ru.com/match/dU4WHs7d/#/match-summary/match-summary,Завершен,Кумар О. (Сша),Уорд Э. (Сша),1.07,6.80
Q5dayISi,23/06,"ITF МУЖЧИНЫ - ОДИНОЧНЫЙ РАЗРЯД. M25 Tulsa, OK (США)",хард,2,https://www.flashscore.ru.com/match/Q5dayISi/#/match-summary/match-summary,Завершен,Нанда Г. (Сша),Шихи Дж. (Сша),1.12,5.40
hWpGUp7E,23/06,"ITF МУЖЧИНЫ - ОДИНОЧНЫЙ РАЗРЯД. M25 Tulsa, OK (США)",хард,2,https://www.flashscore.ru.com/match/hWpGUp7E/#/match-summary/match-summary,Завершен,Heck H. (Сша),Жукаев Б. (Каз),3.30,1.29
E9D7K0q7,23/06,"ITF МУЖЧИНЫ - ОДИНОЧНЫЙ РАЗРЯД. M25 Tulsa, OK (США)",хард,2,https://www.flashscore.ru.com/match/E9D7K0q7/#/match-summary/match-summary,Завершен(отказ),Dostanic S. (Сша),Чун Ю. (Кор),3.75,1.23
UDyqRopA,23/06,"ITF МУЖЧИНЫ - ОДИНОЧНЫЙ РАЗРЯД. M25 Tulsa, OK (США)",хард,2,https://www.flashscore.ru.com/match/UDyqRopA/#/match-summary/match-summary,Завершен,Сюй Юй (Тайв),Martin A. (Сша),1.61,2.28
CxRmQ5aG,23/06,"ITF МУЖЧИНЫ - ОДИНОЧНЫЙ РАЗРЯД. M25 Tulsa, OK (США)",хард,2,https://www.flashscore.ru.com/match/CxRmQ5aG/#/match-summary/match-summary,Завершен,Brumm J. (Сша),Суини Д. (Авс),3.05,1.33
AXhEtRqc,23/06,"ITF МУЖЧИНЫ - ОДИНОЧНЫЙ РАЗРЯД. M25 Tulsa, OK (США)",хард,2,https://www.flashscore.ru.com/match/AXhEtRqc/#/match-summary/match-summary,Завершен,Шимабукуро Ш. (Япо),Chidekh C. (Фра),2.35,1.53
6ZjkQ6xs,23/06,ITF ЖЕНЩИНЫ - ОДИНОЧНЫЙ РАЗРЯД. W15 Alkmaar (Нидерланды),грунт,2,https://www.flashscore.ru.com/match/6ZjkQ6xs/#/match-summary/match-summary,Завершен,Dal S. (Гер),Bubelyte K. (Лит),3.60,1.24
tdXpEoRe,23/06,ITF ЖЕНЩИНЫ - ОДИНОЧНЫЙ РАЗРЯД. W15 Alkmaar (Нидерланды),грунт,2,https://www.flashscore.ru.com/match/tdXpEoRe/#/match-summary/match-summary,Завершен,Нууди М. (Эст),Ди Гиролами Т. (Бел),1.32,3.10
MgHqG7dq,23/06,ITF ЖЕНЩИНЫ - ОДИНОЧНЫЙ РАЗРЯД. W15 Alkmaar (Нидерланды),грунт,2,https://www.flashscore.ru.com/match/MgHqG7dq/#/match-summary/match-summary,Завершен,Оляновская В. (Рос),Да Силва Фик Г. (Авс),1.41,2.70
YVa7Zec4,23/06,ITF ЖЕНЩИНЫ - ОДИНОЧНЫЙ РАЗРЯД. W15 Alkmaar (Нидерланды),грунт,2,https://www.flashscore.ru.com/match/YVa7Zec4/#/match-summary/match-summary,Неявка,Glanzer D. (Авт),Шолль К. (Сша),8.60,1.04
fu13zxrb,23/06,ITF ЖЕНЩИНЫ - ОДИНОЧНЫЙ РАЗРЯД. W15 Alkmaar (Нидерланды),грунт,2,https://www.flashscore.ru.com/match/fu13zxrb/#/match-summary/match-summary,Завершен,Nijkamp R. M. (Нид),Стивенс Л. (Нид),3.45,1.27
KnWlD5t2,23/06,ITF ЖЕНЩИНЫ - ОДИНОЧНЫЙ РАЗРЯД. W15 Alkmaar (Нидерланды),грунт,2,https://www.flashscore.ru.com/match/KnWlD5t2/#/match-summary/match-summary,Завершен,Яшкова Ан. (Сла),Хиндова Д. (Чех),1.89,1.81
0pGmFRBk,23/06,ITF ЖЕНЩИНЫ - ОДИНОЧНЫЙ РАЗРЯД. W15 Alkmaar (Нидерланды),грунт,2,https://www.flashscore.ru.com/match/0pGmFRBk/#/match-summary/match-summary,Завершен,Аркидьяконо Ф. (Ита),Геринг К. (Гер),1.86,1.85
GfkCYFCA,23/06,ITF ЖЕНЩИНЫ - ОДИНОЧНЫЙ РАЗРЯД. W15 Alkmaar (Нидерланды),грунт,2,https://www.flashscore.ru.com/match/GfkCYFCA/#/match-summary/match-summary,Завершен,Миддендорф Ю. (Гер),Геттварт Ф. (Гер),1.16,4.60
SMrHmctr,23/06,ITF ЖЕНЩИНЫ - ОДИНОЧНЫЙ РАЗРЯД. W15 Bucharest (Румыния),грунт,2,https://www.flashscore.ru.com/match/SMrHmctr/#/match-summary/match-summary,Завершен,Ciubotaru M. D. (Рум),Хрдинкова Д. (Чех),2.00,1.73
Gr3tfa3E,23/06,ITF ЖЕНЩИНЫ - ОДИНОЧНЫЙ РАЗРЯД. W15 Bucharest (Румыния),грунт,2,https://www.flashscore.ru.com/match/Gr3tfa3E/#/match-summary/match-summary,Завершен,Тона М. (Ита),Salvi L. (Ита),1.22,3.85
A52pgJIK,23/06,ITF ЖЕНЩИНЫ - ОДИНОЧНЫЙ РАЗРЯД. W15 Bucharest (Румыния),грунт,2,https://www.flashscore.ru.com/match/A52pgJIK/#/match-summary/match-summary,Завершен,Mester C. M. (Рум),Rocchetti S. (Ита),2.45,1.49
EwoTpeQ0,23/06,ITF ЖЕНЩИНЫ - ОДИНОЧНЫЙ РАЗРЯД. W15 Bucharest (Румыния),грунт,2,https://www.flashscore.ru.com/match/EwoTpeQ0/#/match-summary/match-summary,Завершен,Tsoneva M. (Бог),Бехулова Б. (Сла),3.10,1.32
Mu6lhwYQ,23/06,ITF ЖЕНЩИНЫ - ОДИНОЧНЫЙ РАЗРЯД. W15 Bucharest (Румыния),грунт,2,https://www.flashscore.ru.com/match/Mu6lhwYQ/#/match-summary/match-summary,Завершен,Билардо Ф. (Ита),Safta A. (Рум),1.12,5.40
d2zYqFu7,23/06,ITF ЖЕНЩИНЫ - ОДИНОЧНЫЙ РАЗРЯД. W15 Bucharest (Румыния),грунт,2,https://www.flashscore.ru.com/match/d2zYqFu7/#/match-summary/match-summary,Завершен(отказ),Саван Ш. (Гер),Беженару К. П. (Рум),1.94,1.77
6DsLnHel,23/06,ITF ЖЕНЩИНЫ - ОДИНОЧНЫЙ РАЗРЯД. W15 Bucharest (Румыния),грунт,2,https://www.flashscore.ru.com/match/6DsLnHel/#/match-summary/match-summary,Завершен,Севчикова Л. (Чех),Gureva A. (Рос),4.10,1.20
ljWIGACD,23/06,ITF ЖЕНЩИНЫ - ОДИНОЧНЫЙ РАЗРЯД. W15 Bucharest (Румыния),грунт,2,https://www.flashscore.ru.com/match/ljWIGACD/#/match-summary/match-summary,Завершен,Bertea E. R. (Рум),Константинова Й. (Бог),5.60,1.11
lpXMZn2g,23/06,ITF ЖЕНЩИНЫ - ОДИНОЧНЫЙ РАЗРЯД. W15 Chiang Rai 4 (Таиланд),хард,2,https://www.flashscore.ru.com/match/lpXMZn2g/#/match-summary/match-summary,Завершен,Джандакет Ч. (Таи),Naklo T. (Таи),2.85,1.37
SUrEy9Xt,23/06,ITF ЖЕНЩИНЫ - ОДИНОЧНЫЙ РАЗРЯД. W15 Chiang Rai 4 (Таиланд),хард,2,https://www.flashscore.ru.com/match/SUrEy9Xt/#/match-summary/match-summary,Завершен,Ксун Ф. Й. (Кит),Yongmod T. (Таи),1.03,9.00
zwintkPP,23/06,ITF ЖЕНЩИНЫ - ОДИНОЧНЫЙ РАЗРЯД. W15 Chiang Rai 4 (Таиланд),хард,2,https://www.flashscore.ru.com/match/zwintkPP/#/match-summary/match-summary,Завершен,Момкунтод Т. (Таи),Нагата А. (Япо),1.63,2.14
tvAeJRHC,23/06,ITF ЖЕНЩИНЫ - ОДИНОЧНЫЙ РАЗРЯД. W15 Chiang Rai 4 (Таиланд),хард,2,https://www.flashscore.ru.com/match/tvAeJRHC/#/match-summary/match-summary,Завершен,Уэда Р. (Япо),Каллури Л. (Инд),1.03,10.00
8QBmLmm0,23/06,ITF ЖЕНЩИНЫ - ОДИНОЧНЫЙ РАЗРЯД. W15 Chiang Rai 4 (Таиланд),хард,2,https://www.flashscore.ru.com/match/8QBmLmm0/#/match-summary/match-summary,Завершен,Kawagishi N. (Япо),Куеарум С. (Таи),1.66,2.09
nHAiK726,23/06,ITF ЖЕНЩИНЫ - ОДИНОЧНЫЙ РАЗРЯД. W15 Chiang Rai 4 (Таиланд),хард,2,https://www.flashscore.ru.com/match/nHAiK726/#/match-summary/match-summary,Завершен,Pathania V. (Инд),Кавагути Н. (Япо),8.00,1.05
6LsIzTnm,23/06,ITF ЖЕНЩИНЫ - ОДИНОЧНЫЙ РАЗРЯД. W15 Chiang Rai 4 (Таиланд),хард,2,https://www.flashscore.ru.com/match/6LsIzTnm/#/match-summary/match-summary,Завершен,Бхандари П. (Инд),Поплавская А. (Укр),7.40,1.06
0KzRY6Ha,23/06,ITF ЖЕНЩИНЫ - ОДИНОЧНЫЙ РАЗРЯД. W15 Chiang Rai 4 (Таиланд),хард,2,https://www.flashscore.ru.com/match/0KzRY6Ha/#/match-summary/match-summary,Завершен,Yodpetch K. (Таи),Чанта А. (Таи),7.40,1.06
82VvqK5e,23/06,"ITF ЖЕНЩИНЫ - ОДИНОЧНЫЙ РАЗРЯД. W15 Colorado Springs, CO (США)",хард,2,https://www.flashscore.ru.com/match/82VvqK5e/#/match-summary/match-summary,Завершен,Бруу-Сиверсен Ф. (Сша),Пелет Дж. (Сша),2.45,1.49
dOBZ41SE,23/06,"ITF ЖЕНЩИНЫ - ОДИНОЧНЫЙ РАЗРЯД. W15 Colorado Springs, CO (США)",хард,2,https://www.flashscore.ru.com/match/dOBZ41SE/#/match-summary/match-summary,Завершен,Corley C. (Сша),Ly-Nguyen S. (Вье),1.48,2.47
M9RFpXt0,23/06,"ITF ЖЕНЩИНЫ - ОДИНОЧНЫЙ РАЗРЯД. W15 Colorado Springs, CO (США)",хард,2,https://www.flashscore.ru.com/match/M9RFpXt0/#/match-summary/match-summary,Завершен,Pisareva A. (Укр),Corley I. (Сша),2.05,1.69
xMP3mZds,23/06,"ITF ЖЕНЩИНЫ - ОДИНОЧНЫЙ РАЗРЯД. W15 Colorado Springs, CO (США)",хард,2,https://www.flashscore.ru.com/match/xMP3mZds/#/match-summary/match-summary,20:30TKP,Козаров К. (Сер),Kuczer D. (Пол),1.33,3.05
ldT7ngCm,23/06,"ITF ЖЕНЩИНЫ - ОДИНОЧНЫЙ РАЗРЯД. W15 Colorado Springs, CO (США)",хард,2,https://www.flashscore.ru.com/match/ldT7ngCm/#/match-summary/match-summary,20:30TKP,Corley P. C. (Сша),Картер Р. (Кан),1.49,2.46
jRKqrvL1,23/06,"ITF ЖЕНЩИНЫ - ОДИНОЧНЫЙ РАЗРЯД. W15 Colorado Springs, CO (США)",хард,2,https://www.flashscore.ru.com/match/jRKqrvL1/#/match-summary/match-summary,Завершен,Чи-Ю Су (Тайв),Шефбауэр М. (Сша),1.18,4.30
voMKqid6,23/06,"ITF ЖЕНЩИНЫ - ОДИНОЧНЫЙ РАЗРЯД. W15 Colorado Springs, CO (США)",хард,2,https://www.flashscore.ru.com/match/voMKqid6/#/match-summary/match-summary,Завершен,Miroshnichenko V. (Рос),Ньюборн Р. (Сша),1.31,3.15
UHJmsbz8,23/06,"ITF ЖЕНЩИНЫ - ОДИНОЧНЫЙ РАЗРЯД. W15 Colorado Springs, CO (США)",хард,2,https://www.flashscore.ru.com/match/UHJmsbz8/#/match-summary/match-summary,20:30TKP,Shaikh H. (Сша),Моргина А. (Рос),3.40,1.27
boNUVT4B,23/06,ITF ЖЕНЩИНЫ - ОДИНОЧНЫЙ РАЗРЯД. W15 Monastir 18 (Тунис),хард,2,https://www.flashscore.ru.com/match/boNUVT4B/#/match-summary/match-summary,Завершен,Астрид С. (Фра),Hosoki Y. (Япо),1.83,1.88
IoUtTRlU,23/06,ITF ЖЕНЩИНЫ - ОДИНОЧНЫЙ РАЗРЯД. W15 Monastir 18 (Тунис),хард,2,https://www.flashscore.ru.com/match/IoUtTRlU/#/match-summary/match-summary,Завершен,Вэй С. (Кит),Пулос А. (Авс),1.12,5.40
UBIQW9k5,23/06,ITF ЖЕНЩИНЫ - ОДИНОЧНЫЙ РАЗРЯД. W15 Monastir 18 (Тунис),хард,2,https://www.flashscore.ru.com/match/UBIQW9k5/#/match-summary/match-summary,Завершен,Лукаш В. (Вен),Шин Дж. (Кор),1.70,2.03
O63thKLD,23/06,ITF ЖЕНЩИНЫ - ОДИНОЧНЫЙ РАЗРЯД. W15 Monastir 18 (Тунис),хард,2,https://www.flashscore.ru.com/match/O63thKLD/#/match-summary/match-summary,Завершен,Ромеро К. (Эка),Симидзу Э. (Япо),3.60,1.25
fgQDZB5n,23/06,ITF ЖЕНЩИНЫ - ОДИНОЧНЫЙ РАЗРЯД. W15 Monastir 18 (Тунис),хард,2,https://www.flashscore.ru.com/match/fgQDZB5n/#/match-summary/match-summary,Завершен,Яо С. (Кит),Лукошуте А. (Лит),1.53,2.34
f75nlBKu,23/06,ITF ЖЕНЩИНЫ - ОДИНОЧНЫЙ РАЗРЯД. W15 Monastir 18 (Тунис),хард,2,https://www.flashscore.ru.com/match/f75nlBKu/#/match-summary/match-summary,Завершен,Валенте Д. (Ита),Лабрана Ф. (Чил),2.75,1.40
8dUHYVKh,23/06,ITF ЖЕНЩИНЫ - ОДИНОЧНЫЙ РАЗРЯД. W15 Monastir 18 (Тунис),хард,2,https://www.flashscore.ru.com/match/8dUHYVKh/#/match-summary/match-summary,Завершен,Смейкалова А. (Чех),Фалей А. (Блр),4.10,1.20
xxMYUmKH,23/06,ITF ЖЕНЩИНЫ - ОДИНОЧНЫЙ РАЗРЯД. W15 Monastir 18 (Тунис),хард,2,https://www.flashscore.ru.com/match/xxMYUmKH/#/match-summary/match-summary,Завершен,Nirundorn M. N. (Таи),Коллер А. (Авт),1.28,3.35
4jErf9Ck,23/06,ITF ЖЕНЩИНЫ - ОДИНОЧНЫЙ РАЗРЯД. W25 Gurugram (Индия),хард,2,https://www.flashscore.ru.com/match/4jErf9Ck/#/match-summary/match-summary,Завершен,Ковапитуктед Пу. (Таи),Mummadi V. (Инд),1.21,4.00
0xboEU3L,23/06,ITF ЖЕНЩИНЫ - ОДИНОЧНЫЙ РАЗРЯД. W25 Gurugram (Индия),хард,2,https://www.flashscore.ru.com/match/0xboEU3L/#/match-summary/match-summary,Завершен,Марцинкевич Д. (Лат),Vadyala M. (Сша),1.03,9.60
ruCF0BZL,23/06,ITF ЖЕНЩИНЫ - ОДИНОЧНЫЙ РАЗРЯД. W25 Gurugram (Индия),хард,2,https://www.flashscore.ru.com/match/ruCF0BZL/#/match-summary/match-summary,Завершен,Мацуда М. (Япо),Bhamidipaty S. R. (Инд),1.16,4.50
ELeZGWJ2,23/06,ITF ЖЕНЩИНЫ - ОДИНОЧНЫЙ РАЗРЯД. W25 Gurugram (Индия),хард,2,https://www.flashscore.ru.com/match/ELeZGWJ2/#/match-summary/match-summary,Завершен,Морвайова В. (Сла),Имамура С. (Япо),1.98,1.74
bDDngTRe,23/06,ITF ЖЕНЩИНЫ - ОДИНОЧНЫЙ РАЗРЯД. W25 Gurugram (Индия),хард,2,https://www.flashscore.ru.com/match/bDDngTRe/#/match-summary/match-summary,Завершен,Baharmus H. (Инд),Чаудхари В. (Инд),6.00,1.09
hCfwGjZ8,23/06,ITF ЖЕНЩИНЫ - ОДИНОЧНЫЙ РАЗРЯД. W25 Gurugram (Индия),хард,2,https://www.flashscore.ru.com/match/hCfwGjZ8/#/match-summary/match-summary,Завершен,Костулас С. (Бел),Яшина Е. (Рос),1.29,3.30
MVAJaVlS,23/06,ITF ЖЕНЩИНЫ - ОДИНОЧНЫЙ РАЗРЯД. W25 Gurugram (Индия),хард,2,https://www.flashscore.ru.com/match/MVAJaVlS/#/match-summary/match-summary,Завершен,Тханди К. К. (Инд),Бависетти С. (Инд),1.09,6.20
r1mjDlJR,23/06,ITF ЖЕНЩИНЫ - ОДИНОЧНЫЙ РАЗРЯД. W25 Gurugram (Индия),хард,2,https://www.flashscore.ru.com/match/r1mjDlJR/#/match-summary/match-summary,Завершен,Уколова А. (Рос),Кобори М. (Япо),5.60,1.11
zsknt1FC,23/06,ITF ЖЕНЩИНЫ - ОДИНОЧНЫЙ РАЗРЯД. W25 Klosters (Швейцария),грунт,2,https://www.flashscore.ru.com/match/zsknt1FC/#/match-summary/match-summary,Завершен,Байерлова М. (Чех),Tsygourova K. (Шва),1.07,7.00
tvtx3OMP,23/06,ITF ЖЕНЩИНЫ - ОДИНОЧНЫЙ РАЗРЯД. W25 Klosters (Швейцария),грунт,2,https://www.flashscore.ru.com/match/tvtx3OMP/#/match-summary/match-summary,Завершен,Зайбольд Э. (Гер),Булгару М. (Рум),1.89,1.82
2msY347J,23/06,ITF ЖЕНЩИНЫ - ОДИНОЧНЫЙ РАЗРЯД. W25 Klosters (Швейцария),грунт,2,https://www.flashscore.ru.com/match/2msY347J/#/match-summary/match-summary,Завершен,Поточник Н. (Сло),Сакеллариди С. (Гре),2.19,1.61
ER0wrNp0,23/06,ITF ЖЕНЩИНЫ - ОДИНОЧНЫЙ РАЗРЯД. W25 Klosters (Швейцария),грунт,2,https://www.flashscore.ru.com/match/ER0wrNp0/#/match-summary/match-summary,Завершен,Фрухвиртова Б. (Чех),Мордергер Т. (Гер),1.10,5.80
lpgjuLUI,23/06,ITF ЖЕНЩИНЫ - ОДИНОЧНЫЙ РАЗРЯД. W25 Klosters (Швейцария),грунт,2,https://www.flashscore.ru.com/match/lpgjuLUI/#/match-summary/match-summary,Завершен,Козакова К. (Шва),Дёрст Дж. (Шва),3.30,1.29
p8pcbrVt,23/06,ITF ЖЕНЩИНЫ - ОДИНОЧНЫЙ РАЗРЯД. W25 Klosters (Швейцария),грунт,2,https://www.flashscore.ru.com/match/p8pcbrVt/#/match-summary/match-summary,Завершен,Палицова Б. (Чех),Tothova E. (Сла),1.05,8.00
vmkcOp7g,23/06,ITF ЖЕНЩИНЫ - ОДИНОЧНЫЙ РАЗРЯД. W25 Klosters (Швейцария),грунт,2,https://www.flashscore.ru.com/match/vmkcOp7g/#/match-summary/match-summary,Завершен,Крэчун Дж. (Рум),Мордергер Я. (Гер),2.05,1.69
hIasss06,23/06,ITF ЖЕНЩИНЫ - ОДИНОЧНЫЙ РАЗРЯД. W25 Klosters (Швейцария),грунт,2,https://www.flashscore.ru.com/match/hIasss06/#/match-summary/match-summary,Завершен,Якупович Д. (Сло),Надь А. (Вен),1.21,3.95
bJKYff6b,23/06,ITF ЖЕНЩИНЫ - ОДИНОЧНЫЙ РАЗРЯД. W25 Perigueux (Франция),грунт,2,https://www.flashscore.ru.com/match/bJKYff6b/#/match-summary/match-summary,Завершен,Алби О. (Фра),Бабель О. (Фра),1.71,2.01
l8DohhjH,23/06,ITF ЖЕНЩИНЫ - ОДИНОЧНЫЙ РАЗРЯД. W25 Perigueux (Франция),грунт,2,https://www.flashscore.ru.com/match/l8DohhjH/#/match-summary/match-summary,Завершен(отказ),Брюньон Ф. (Фра),Гамис А. (Вен),4.50,1.17
4KRPdGyn,23/06,ITF ЖЕНЩИНЫ - ОДИНОЧНЫЙ РАЗРЯД. W25 Perigueux (Франция),грунт,2,https://www.flashscore.ru.com/match/4KRPdGyn/#/match-summary/match-summary,Завершен,Веддер Е. (Нид),Андреева М. (Рос),2.45,1.49
QXzFzQKq,23/06,ITF ЖЕНЩИНЫ - ОДИНОЧНЫЙ РАЗРЯД. W25 Perigueux (Франция),грунт,2,https://www.flashscore.ru.com/match/QXzFzQKq/#/match-summary/match-summary,Завершен,Рувруа М. (Фра),Страхова В. (Укр),1.70,2.04
htKxfEL4,23/06,ITF ЖЕНЩИНЫ - ОДИНОЧНЫЙ РАЗРЯД. W25 Perigueux (Франция),грунт,2,https://www.flashscore.ru.com/match/htKxfEL4/#/match-summary/match-summary,Завершен,Хобгарски К. (Гер),Лейкина П. (Рос),1.21,3.90
WWItgYzB,23/06,ITF ЖЕНЩИНЫ - ОДИНОЧНЫЙ РАЗРЯД. W25 Perigueux (Франция),грунт,2,https://www.flashscore.ru.com/match/WWItgYzB/#/match-summary/match-summary,Завершен,Барташевич Я. (Рос),Яничиевич С. (Фра),5.40,1.12
nqHUezih,23/06,ITF ЖЕНЩИНЫ - ОДИНОЧНЫЙ РАЗРЯД. W25 Perigueux (Франция),грунт,2,https://www.flashscore.ru.com/match/nqHUezih/#/match-summary/match-summary,Завершен,Кемпен М. (Бел),Варгнье Л. (Фра),1.07,7.00
KfzJZqzj,23/06,ITF ЖЕНЩИНЫ - ОДИНОЧНЫЙ РАЗРЯД. W25 Perigueux (Франция),грунт,2,https://www.flashscore.ru.com/match/KfzJZqzj/#/match-summary/match-summary,Завершен,Рошка И.-Л. (Рум),Парто М. (Фра),1.64,2.12
rB0vZQO4,23/06,ITF ЖЕНЩИНЫ - ОДИНОЧНЫЙ РАЗРЯД. W25 Prokuplje (Сербия),грунт,2,https://www.flashscore.ru.com/match/rB0vZQO4/#/match-summary/match-summary,Завершен,Вюрт Т. (Хор),Мери Э. (Сла),1.09,6.20
z1BFUBXI,23/06,ITF ЖЕНЩИНЫ - ОДИНОЧНЫЙ РАЗРЯД. W25 Prokuplje (Сербия),грунт,2,https://www.flashscore.ru.com/match/z1BFUBXI/#/match-summary/match-summary,Завершен,Ромеро-Гормаз Л. (Исп),Ристич М. (Сер),1.14,4.90
lCqNQ2Wp,23/06,ITF ЖЕНЩИНЫ - ОДИНОЧНЫЙ РАЗРЯД. W25 Prokuplje (Сербия),грунт,2,https://www.flashscore.ru.com/match/lCqNQ2Wp/#/match-summary/match-summary,Завершен,Салкова Д. (Чех),Морателли А. (Ита),1.31,3.15
zuENx9Pu,23/06,ITF ЖЕНЩИНЫ - ОДИНОЧНЫЙ РАЗРЯД. W25 Prokuplje (Сербия),грунт,2,https://www.flashscore.ru.com/match/zuENx9Pu/#/match-summary/match-summary,Завершен,Рошка А. (Рум),Мейер-ауф-дер-Хайде Л. (Гер),1.18,4.40
dE4rYpvB,23/06,ITF ЖЕНЩИНЫ - ОДИНОЧНЫЙ РАЗРЯД. W25 Prokuplje (Сербия),грунт,2,https://www.flashscore.ru.com/match/dE4rYpvB/#/match-summary/match-summary,Завершен,Шабанин Н. (Вен),Макарова Е. (Рос),1.61,2.17
jy4nX4gH,23/06,ITF ЖЕНЩИНЫ - ОДИНОЧНЫЙ РАЗРЯД. W25 Prokuplje (Сербия),грунт,2,https://www.flashscore.ru.com/match/jy4nX4gH/#/match-summary/match-summary,Завершен,Бойович Я. (Сер),Гиороайе И.-Г. (Рум),4.50,1.17
EVCRyTvn,23/06,ITF ЖЕНЩИНЫ - ОДИНОЧНЫЙ РАЗРЯД. W25 Prokuplje (Сербия),грунт,2,https://www.flashscore.ru.com/match/EVCRyTvn/#/match-summary/match-summary,Завершен(отказ),Кан В. (Рос),Радивоевич Л. (Сер),1.70,2.03
MeCVzmfh,23/06,ITF ЖЕНЩИНЫ - ОДИНОЧНЫЙ РАЗРЯД. W25 Prokuplje (Сербия),грунт,2,https://www.flashscore.ru.com/match/MeCVzmfh/#/match-summary/match-summary,Завершен,Марцинко П. (Хор),Лодикова Д. (Рос),1.10,5.80
6ke9zXYr,23/06,ITF ЖЕНЩИНЫ - ОДИНОЧНЫЙ РАЗРЯД. W25 Raanana 2 (Израиль),хард,2,https://www.flashscore.ru.com/match/6ke9zXYr/#/match-summary/match-summary,Завершен,Бондаренко М. (Рос),Кудерметова П. (Рос),2.70,1.41
8EFYtZeF,23/06,ITF ЖЕНЩИНЫ - ОДИНОЧНЫЙ РАЗРЯД. W25 Raanana 2 (Израиль),хард,2,https://www.flashscore.ru.com/match/8EFYtZeF/#/match-summary/match-summary,Завершен,Линд Э. (Вел),Лансере С. (Рос),2.12,1.64
YsOrKBl2,23/06,ITF ЖЕНЩИНЫ - ОДИНОЧНЫЙ РАЗРЯД. W25 Raanana 2 (Израиль),хард,2,https://www.flashscore.ru.com/match/YsOrKBl2/#/match-summary/match-summary,Завершен,Тимофеева М. (Рос),Конвэй Дж. (Вел),1.12,5.40
zm2RreR2,23/06,ITF ЖЕНЩИНЫ - ОДИНОЧНЫЙ РАЗРЯД. W25 Raanana 2 (Израиль),хард,2,https://www.flashscore.ru.com/match/zm2RreR2/#/match-summary/match-summary,Завершен,Кадар Е.-Т. (Рум),Бриана Ш. (Рум),1.13,5.20
n5ExtgBL,23/06,ITF ЖЕНЩИНЫ - ОДИНОЧНЫЙ РАЗРЯД. W25 Raanana 2 (Израиль),хард,2,https://www.flashscore.ru.com/match/n5ExtgBL/#/match-summary/match-summary,Завершен,Кимчи Ш. (Изр),Столлар Ф. (Вен),2.14,1.63
nRLWMD4q,23/06,ITF ЖЕНЩИНЫ - ОДИНОЧНЫЙ РАЗРЯД. W25 Raanana 2 (Израиль),хард,2,https://www.flashscore.ru.com/match/nRLWMD4q/#/match-summary/match-summary,Завершен,Милованович Е. (Сер),Хирин Н. (Изр),6.40,1.08
lUxvaooB,23/06,ITF ЖЕНЩИНЫ - ОДИНОЧНЫЙ РАЗРЯД. W25 Raanana 2 (Израиль),хард,2,https://www.flashscore.ru.com/match/lUxvaooB/#/match-summary/match-summary,Завершен,Мурамацу Ч. (Япо),Кудашова Д. (Рос),3.00,1.34
QHKzMXJk,23/06,ITF ЖЕНЩИНЫ - ОДИНОЧНЫЙ РАЗРЯД. W25 Raanana 2 (Израиль),хард,2,https://www.flashscore.ru.com/match/QHKzMXJk/#/match-summary/match-summary,Завершен,Власселар К. (Бел),Савиных В. (Рос),9.00,1.03
KSN3KoRG,23/06,"ITF ЖЕНЩИНЫ - ОДИНОЧНЫЙ РАЗРЯД. W25 Wichita, KS (США)",хард,2,https://www.flashscore.ru.com/match/KSN3KoRG/#/match-summary/match-summary,Завершен,Арсено А. (Кан),Реми А. (Сша),2.17,1.62
OpQt56RT,23/06,"ITF ЖЕНЩИНЫ - ОДИНОЧНЫЙ РАЗРЯД. W25 Wichita, KS (США)",хард,2,https://www.flashscore.ru.com/match/OpQt56RT/#/match-summary/match-summary,Завершен,Ма Е. (Кит),Мандлик Э. (Сша),2.90,1.36
SbjiP9Co,23/06,"ITF ЖЕНЩИНЫ - ОДИНОЧНЫЙ РАЗРЯД. W25 Wichita, KS (США)",хард,2,https://www.flashscore.ru.com/match/SbjiP9Co/#/match-summary/match-summary,Завершен,Скотт К. (Сша),Коллинс К. (Сша),1.25,3.55
QgC80QZp,23/06,"ITF ЖЕНЩИНЫ - ОДИНОЧНЫЙ РАЗРЯД. W25 Wichita, KS (США)",хард,2,https://www.flashscore.ru.com/match/QgC80QZp/#/match-summary/match-summary,Завершен,Стюарт К. (Сша),Санчес А.-С. (Мек),2.60,1.43
t2feOTRi,23/06,"ITF ЖЕНЩИНЫ - ОДИНОЧНЫЙ РАЗРЯД. W25 Wichita, KS (США)",хард,2,https://www.flashscore.ru.com/match/t2feOTRi/#/match-summary/match-summary,Завершен,Rapolu M. (Сша),Hamilton H. (Ита),1.06,7.40
6anNv5E9,23/06,"ITF ЖЕНЩИНЫ - ОДИНОЧНЫЙ РАЗРЯД. W25 Wichita, KS (США)",хард,2,https://www.flashscore.ru.com/match/6anNv5E9/#/match-summary/match-summary,Завершен,Дэй К. (Сша),Сакацуме Х. (Япо),1.28,3.35
rut1XM6q,23/06,"ITF ЖЕНЩИНЫ - ОДИНОЧНЫЙ РАЗРЯД. W25 Wichita, KS (США)",хард,2,https://www.flashscore.ru.com/match/rut1XM6q/#/match-summary/match-summary,Завершен,Крюгер Э. (Сша),Кувата Х. (Япо),1.26,3.50
UerDUKj2,23/06,"ITF ЖЕНЩИНЫ - ОДИНОЧНЫЙ РАЗРЯД. W25 Wichita, KS (США)",хард,2,https://www.flashscore.ru.com/match/UerDUKj2/#/match-summary/match-summary,Завершен,Реми А. (Сша),Санчес А.-С. (Мек),2.09,1.66
W0Meg4T2,23/06,"ITF ЖЕНЩИНЫ - ОДИНОЧНЫЙ РАЗРЯД. W25 Wichita, KS (США)",хард,2,https://www.flashscore.ru.com/match/W0Meg4T2/#/match-summary/match-summary,Завершен,Стирнс П. (Сша),Фаилла Дж. (Сша),1.46,2.55
p4QahOr9,23/06,"ITF ЖЕНЩИНЫ - ОДИНОЧНЫЙ РАЗРЯД. W25 Wichita, KS (США)",хард,2,https://www.flashscore.ru.com/match/p4QahOr9/#/match-summary/match-summary,19:30TKP,Виджесундера Р. (Сша),Кроуфорд С. (Сша),7.00,1.07
pjoRwPTF,23/06,"ITF ЖЕНЩИНЫ - ОДИНОЧНЫЙ РАЗРЯД. W25 Wichita, KS (США)",хард,2,https://www.flashscore.ru.com/match/pjoRwPTF/#/match-summary/match-summary,Завершен,Скотт К. (Сша),Rapolu M. (Сша),1.05,8.00
MVv5WtMk,23/06,"ITF ЖЕНЩИНЫ - ОДИНОЧНЫЙ РАЗРЯД. W25 Wichita, KS (США)",хард,2,https://www.flashscore.ru.com/match/MVv5WtMk/#/match-summary/match-summary,Завершен,Zamarripa A. (Сша),Мандлик Э. (Сша),7.00,1.07
Yc4jmVZo,23/06,ITF ЖЕНЩИНЫ - ОДИНОЧНЫЙ РАЗРЯД. W25 Ystad (Швеция),грунт,2,https://www.flashscore.ru.com/match/Yc4jmVZo/#/match-summary/match-summary,Завершен,Акуге Ноха Н. (Гер),Самавати С. Н. (Дан),2.65,1.42
UPcao94b,23/06,ITF ЖЕНЩИНЫ - ОДИНОЧНЫЙ РАЗРЯД. W25 Ystad (Швеция),грунт,2,https://www.flashscore.ru.com/match/UPcao94b/#/match-summary/match-summary,Завершен,Бенуа М. (Бел),Кабай А. Ж. (Шве),1.10,6.00
b5kGsR3N,23/06,ITF ЖЕНЩИНЫ - ОДИНОЧНЫЙ РАЗРЯД. W25 Ystad (Швеция),грунт,2,https://www.flashscore.ru.com/match/b5kGsR3N/#/match-summary/match-summary,Завершен,Сарасуа Р. (Мек),Zaar L. (Шве),1.04,8.20
4bE5vE4K,23/06,ITF ЖЕНЩИНЫ - ОДИНОЧНЫЙ РАЗРЯД. W25 Ystad (Швеция),грунт,2,https://www.flashscore.ru.com/match/4bE5vE4K/#/match-summary/match-summary,Завершен,Малыгина Е. (Эст),Фалковска В. (Пол),3.15,1.31
Onc3pTJ4,23/06,ITF ЖЕНЩИНЫ - ОДИНОЧНЫЙ РАЗРЯД. W25 Ystad (Швеция),грунт,2,https://www.flashscore.ru.com/match/Onc3pTJ4/#/match-summary/match-summary,Завершен,Хеннеман К. В. (Шве),Лопатецкая Д. (Укр),1.73,1.99
Ec5hmlna,23/06,ITF ЖЕНЩИНЫ - ОДИНОЧНЫЙ РАЗРЯД. W25 Ystad (Швеция),грунт,2,https://www.flashscore.ru.com/match/Ec5hmlna/#/match-summary/match-summary,Завершен,Хромачёва И. (Рос),Лахей Э. (Сша),1.23,3.75
jZbenkkh,23/06,ITF ЖЕНЩИНЫ - ОДИНОЧНЫЙ РАЗРЯД. W25 Ystad (Швеция),грунт,2,https://www.flashscore.ru.com/match/jZbenkkh/#/match-summary/match-summary,Завершен,Бартель М. (Гер),Хельго М. (Нор),2.06,1.68
xj17qmZA,23/06,ITF ЖЕНЩИНЫ - ОДИНОЧНЫЙ РАЗРЯД. W25 Ystad (Швеция),грунт,2,https://www.flashscore.ru.com/match/xj17qmZA/#/match-summary/match-summary,Завершен,Ринальдо Перссон К. (Шве),Семенистая Д. (Лат),2.80,1.38
jmrHOvqn,23/06,ITF МУЖЧИНЫ - ПАРНЫЙ РАЗРЯД. M15 Alkmaar (Нидерланды),грунт,2,https://www.flashscore.ru.com/match/jmrHOvqn/#/match-summary/match-summary,Завершен,Рикл П./Вочел М.,Aubriot A./Moret J.,1.22,3.90
MmYzT7Fc,23/06,ITF МУЖЧИНЫ - ПАРНЫЙ РАЗРЯД. M15 Alkmaar (Нидерланды),грунт,2,https://www.flashscore.ru.com/match/MmYzT7Fc/#/match-summary/match-summary,Завершен,Эрхард М./Мармузес Л.,Понтьодикромо З./Вассерманн Д.,1.61,2.19
CdqDPKTu,23/06,ITF МУЖЧИНЫ - ПАРНЫЙ РАЗРЯД. M15 Alkmaar (Нидерланды),грунт,2,https://www.flashscore.ru.com/match/CdqDPKTu/#/match-summary/match-summary,Завершен,Клавель Т./Стурман Р.,Донски А./Фриберг К.,7.00,1.07
6ujl54Nj,23/06,ITF МУЖЧИНЫ - ПАРНЫЙ РАЗРЯД. M15 Alkmaar (Нидерланды),грунт,2,https://www.flashscore.ru.com/match/6ujl54Nj/#/match-summary/match-summary,Завершен,Jans J./Лотсма Н.,van Assendelft J./Van Sambeek F.,1.40,2.75
0rViHR5m,23/06,ITF МУЖЧИНЫ - ПАРНЫЙ РАЗРЯД. M15 Chiang Rai 6 (Таиланд),хард,2,https://www.flashscore.ru.com/match/0rViHR5m/#/match-summary/match-summary,Завершен,Кадчапанан Н./Кравчук К.,Ишикава Т./Тадзима Н.,2.55,1.46
EidZbpjJ,23/06,ITF МУЖЧИНЫ - ПАРНЫЙ РАЗРЯД. M15 Chiang Rai 6 (Таиланд),хард,2,https://www.flashscore.ru.com/match/EidZbpjJ/#/match-summary/match-summary,Завершен,Редди Р./Сомани П.,Цуй Ц./Хуань Ц.,1.85,1.85
YeTaF5z0,23/06,ITF МУЖЧИНЫ - ПАРНЫЙ РАЗРЯД. M15 Chiang Rai 6 (Таиланд),хард,2,https://www.flashscore.ru.com/match/YeTaF5z0/#/match-summary/match-summary,Завершен,Сунь Ф./Юнчаокете Б.,Бэйлдон Б./Смит Дж.,1.37,2.90
0On9BNZO,23/06,ITF МУЖЧИНЫ - ПАРНЫЙ РАЗРЯД. M15 Chiang Rai 6 (Таиланд),хард,2,https://www.flashscore.ru.com/match/0On9BNZO/#/match-summary/match-summary,Завершен,Ли Д.-Х./Оти М.,Isaro P./Суксумрарн Т.,2.09,1.66
0xKGT938,23/06,ITF МУЖЧИНЫ - ПАРНЫЙ РАЗРЯД. M15 Kamen (Германия),грунт,2,https://www.flashscore.ru.com/match/0xKGT938/#/match-summary/match-summary,Завершен,Геллер П./Пихлер Д.,Alosha Ushakov N./Chernov O.,1.06,7.20
htb7vZLH,23/06,ITF МУЖЧИНЫ - ПАРНЫЙ РАЗРЯД. M15 Kamen (Германия),грунт,2,https://www.flashscore.ru.com/match/htb7vZLH/#/match-summary/match-summary,Завершен,Баттальино С./Компануччи Т.,Йермар Я./Печак Ш.,1.44,2.60
vJVjdqVT,23/06,ITF МУЖЧИНЫ - ПАРНЫЙ РАЗРЯД. M15 Kamen (Германия),грунт,2,https://www.flashscore.ru.com/match/vJVjdqVT/#/match-summary/match-summary,Завершен,Данилов С./Хорда Санчис Д.,Эгеа Ф.-Э./Идальго Г.-А.,3.20,1.30
YorM9nch,23/06,ITF МУЖЧИНЫ - ПАРНЫЙ РАЗРЯД. M15 Kamen (Германия),грунт,2,https://www.flashscore.ru.com/match/YorM9nch/#/match-summary/match-summary,Завершен,Белобородько И./Ужиловский В.,Кубелич К./Ruland L.,1.28,3.35
rXTGgCuL,23/06,ITF МУЖЧИНЫ - ПАРНЫЙ РАЗРЯД. M15 Monastir 24 (Тунис),хард,2,https://www.flashscore.ru.com/match/rXTGgCuL/#/match-summary/match-summary,Завершен,Босио Г./Ноче Г. М.,Jurajda A./Ван Ч.,1.57,2.25
reC3p827,23/06,ITF МУЖЧИНЫ - ПАРНЫЙ РАЗРЯД. M15 Monastir 24 (Тунис),хард,2,https://www.flashscore.ru.com/match/reC3p827/#/match-summary/match-summary,Завершен,Camus C./Кляйн Б.,Дон Ю./Ван Х.,1.88,1.88
h6JjmAIl,23/06,ITF МУЖЧИНЫ - ПАРНЫЙ РАЗРЯД. M15 Monastir 24 (Тунис),хард,2,https://www.flashscore.ru.com/match/h6JjmAIl/#/match-summary/match-summary,Завершен,Хо Р./Ирадукунда Г.,Lalami Laaroussi Y./Сибиль И.,-,11.00
zVnQWlY7,23/06,ITF МУЖЧИНЫ - ПАРНЫЙ РАЗРЯД. M15 Monastir 24 (Тунис),хард,2,https://www.flashscore.ru.com/match/zVnQWlY7/#/match-summary/match-summary,Завершен,Сингх К./Валлар Э.,Те Р./Чжан Цзэ,4.50,1.17
YgnOIfR1,23/06,ITF МУЖЧИНЫ - ПАРНЫЙ РАЗРЯД. M15 Raanana 2 (Израиль),хард,2,https://www.flashscore.ru.com/match/YgnOIfR1/#/match-summary/match-summary,Завершен,Al Tori S./Dagan A.,Бодмер А./Кастельнуово Л.,9.20,1.03
rPTEuIYE,23/06,ITF МУЖЧИНЫ - ПАРНЫЙ РАЗРЯД. M15 Raanana 2 (Израиль),хард,2,https://www.flashscore.ru.com/match/rPTEuIYE/#/match-summary/match-summary,Завершен,Хуссей Г./Джонс Б.,Luck J./Мацуда Р.,1.06,7.20
lOenN9Im,23/06,ITF МУЖЧИНЫ - ПАРНЫЙ РАЗРЯД. M15 Raanana 2 (Израиль),хард,2,https://www.flashscore.ru.com/match/lOenN9Im/#/match-summary/match-summary,Завершен,Shyovitz E./Trakhtenberg G.,Марреро Курбело И./Sklenka V.,3.90,1.22
f1drOk3s,23/06,ITF МУЖЧИНЫ - ПАРНЫЙ РАЗРЯД. M15 Raanana 2 (Израиль),хард,2,https://www.flashscore.ru.com/match/f1drOk3s/#/match-summary/match-summary,Завершен,Haviv R./Кимхи О.,Catry R./Gray T.,2.46,1.49
C8ujK9ZH,23/06,"ITF МУЖЧИНЫ - ПАРНЫЙ РАЗРЯД. M15 South Bend, IN (США)",хард,2,https://www.flashscore.ru.com/match/C8ujK9ZH/#/match-summary/match-summary,Завершен,Monday J./Уолтон А.,Banthia S./Trotter J. K.,2.25,1.57
jHPPkF4S,23/06,"ITF МУЖЧИНЫ - ПАРНЫЙ РАЗРЯД. M15 South Bend, IN (США)",хард,2,https://www.flashscore.ru.com/match/jHPPkF4S/#/match-summary/match-summary,2-й сет,Грегг П./Okonkwo O.,Маркес К./Секигути С.,3.10,1.32
Y5SQlEIr,23/06,"ITF МУЖЧИНЫ - ПАРНЫЙ РАЗРЯД. M15 South Bend, IN (США)",хард,2,https://www.flashscore.ru.com/match/Y5SQlEIr/#/match-summary/match-summary,1-й сет,Корвин Ф./Шахтер Н.,Kiger M./Maloney P.,1.72,2.01
nesVKB01,23/06,ITF МУЖЧИНЫ - ПАРНЫЙ РАЗРЯД. M25 Arlon (Бельгия),грунт,2,https://www.flashscore.ru.com/match/nesVKB01/#/match-summary/match-summary,Завершен,Льянес Ф./Roncadelli F.,Францен К./Зандкаулен Т.,4.00,1.20
bVpZJVF7,23/06,ITF МУЖЧИНЫ - ПАРНЫЙ РАЗРЯД. M25 Arlon (Бельгия),грунт,2,https://www.flashscore.ru.com/match/bVpZJVF7/#/match-summary/match-summary,Завершен,Тэйлор А./Тэйлор Дж.,Гадамаури Б./Скулкейт Т.,2.24,1.58
Sz87WX26,23/06,ITF МУЖЧИНЫ - ПАРНЫЙ РАЗРЯД. M25 Arlon (Бельгия),грунт,2,https://www.flashscore.ru.com/match/Sz87WX26/#/match-summary/match-summary,Завершен(отказ),Сандрасекар А./Прашант В.,Биттун-Кузьмин К./Жонкур Р.,1.41,2.70
Mc7BViIC,23/06,ITF МУЖЧИНЫ - ПАРНЫЙ РАЗРЯД. M25 Arlon (Бельгия),грунт,2,https://www.flashscore.ru.com/match/Mc7BViIC/#/match-summary/match-summary,Завершен,Венельт К./Захрай П.,Бьюпэн С./Cloes L.,1.49,2.46
dQYXXDoR,23/06,ITF МУЖЧИНЫ - ПАРНЫЙ РАЗРЯД. M25 Klosters (Швейцария),грунт,2,https://www.flashscore.ru.com/match/dQYXXDoR/#/match-summary/match-summary,Завершен,Лопес Н./Sebesta J.,Штоддер Т./Ваншельбойм Э.,3.65,1.24
QeidSi9l,23/06,ITF МУЖЧИНЫ - ПАРНЫЙ РАЗРЯД. M25 Klosters (Швейцария),грунт,2,https://www.flashscore.ru.com/match/QeidSi9l/#/match-summary/match-summary,Неявка,Ноймайер Л./Вайс А.,Белуччи М./Яннакконе Ф.,1.85,1.85
0vkVDhfe,23/06,ITF МУЖЧИНЫ - ПАРНЫЙ РАЗРЯД. M25 Klosters (Швейцария),грунт,2,https://www.flashscore.ru.com/match/0vkVDhfe/#/match-summary/match-summary,Завершен,Мартинес Л./Венгер Д.,Мартинес М./Стахели Л.,1.49,2.46
vP0MFEPr,23/06,ITF МУЖЧИНЫ - ПАРНЫЙ РАЗРЯД. M25 Klosters (Швейцария),грунт,2,https://www.flashscore.ru.com/match/vP0MFEPr/#/match-summary/match-summary,Завершен,Сакелларидис Д./Сакелларидис С.,Бертола Р./Поль Я.,7.80,1.05
WO8vBLEn,23/06,ITF МУЖЧИНЫ - ПАРНЫЙ РАЗРЯД. M25 Montauban (Франция),грунт,2,https://www.flashscore.ru.com/match/WO8vBLEn/#/match-summary/match-summary,Завершен,Hamard A./Понтико У.,Гарсьян А./Мпеши-Перрикар Дж.,5.20,1.13
x29zC1at,23/06,ITF МУЖЧИНЫ - ПАРНЫЙ РАЗРЯД. M25 Montauban (Франция),грунт,2,https://www.flashscore.ru.com/match/x29zC1at/#/match-summary/match-summary,Завершен,Respaut C./Stable R.,Бланше Ю./Реймонд А.,4.50,1.17
4tLZsmBC,23/06,ITF МУЖЧИНЫ - ПАРНЫЙ РАЗРЯД. M25 Mungia (Испания),грунт,2,https://www.flashscore.ru.com/match/4tLZsmBC/#/match-summary/match-summary,Завершен,Лок Б./Лок К.,Мартинес-Мартинес Х./Перес Санс Д.,1.33,3.05
GAXvSRU3,23/06,ITF МУЖЧИНЫ - ПАРНЫЙ РАЗРЯД. M25 Mungia (Испания),грунт,2,https://www.flashscore.ru.com/match/GAXvSRU3/#/match-summary/match-summary,Завершен,Мартинес А./Монтес де ла Торре И.,Хигнетт Л./Маккинлей Дж.,1.39,2.80
bXma1gZa,23/06,"ITF МУЖЧИНЫ - ПАРНЫЙ РАЗРЯД. M25 Tulsa, OK (США)",хард,2,https://www.flashscore.ru.com/match/bXma1gZa/#/match-summary/match-summary,Завершен,Brumm J./Шихи Дж.,Chen K. Y./Чун Ю.,1.79,1.92
nFyl4eks,23/06,"ITF МУЖЧИНЫ - ПАРНЫЙ РАЗРЯД. M25 Tulsa, OK (США)",хард,2,https://www.flashscore.ru.com/match/nFyl4eks/#/match-summary/match-summary,Неявка,Нанда Г./Риффис С.,Heck H./Свенссон Б.,1.46,2.65
Q5zh3F4m,23/06,"ITF МУЖЧИНЫ - ПАРНЫЙ РАЗРЯД. M25 Tulsa, OK (США)",хард,2,https://www.flashscore.ru.com/match/Q5zh3F4m/#/match-summary/match-summary,Завершен,Сюй Юй/Суини Д.,Kellerman O./Zakharov V.,-,11.00
Ktke2ZJg,23/06,"ITF МУЖЧИНЫ - ПАРНЫЙ РАЗРЯД. M25 Tulsa, OK (США)",хард,2,https://www.flashscore.ru.com/match/Ktke2ZJg/#/match-summary/match-summary,Неявка,Martin A./Янг Д.,Кларк Э./Поунвит Н.,-,-
pQkgPQim,23/06,ITF ЖЕНЩИНЫ - ПАРНЫЙ РАЗРЯД. W15 Alkmaar (Нидерланды),грунт,2,https://www.flashscore.ru.com/match/pQkgPQim/#/match-summary/match-summary,Завершен,Лиау А Фонг Н./Виргес А.,De Zeeuw J./Лемуан К.,1.73,2.00
YkKWykJ2,23/06,ITF ЖЕНЩИНЫ - ПАРНЫЙ РАЗРЯД. W15 Alkmaar (Нидерланды),грунт,2,https://www.flashscore.ru.com/match/YkKWykJ2/#/match-summary/match-summary,Завершен,Оляновская В./Рогозинска Джик С.,Да Силва Фик Г./Гимбрере Я.,2.75,1.40
UcgGXZRG,23/06,ITF ЖЕНЩИНЫ - ПАРНЫЙ РАЗРЯД. W15 Alkmaar (Нидерланды),грунт,2,https://www.flashscore.ru.com/match/UcgGXZRG/#/match-summary/match-summary,Завершен,Шолль К./Стивенс Л.,Lazar A./Nizetic L.,1.04,8.20
ngOzy9Y8,23/06,ITF ЖЕНЩИНЫ - ПАРНЫЙ РАЗРЯД. W15 Alkmaar (Нидерланды),грунт,2,https://www.flashscore.ru.com/match/ngOzy9Y8/#/match-summary/match-summary,Завершен,Boyden M./Hageman M.,Тран Дем./Тран Л.,3.30,1.29
zmnPoyBf,23/06,ITF ЖЕНЩИНЫ - ПАРНЫЙ РАЗРЯД. W15 Bucharest (Румыния),грунт,2,https://www.flashscore.ru.com/match/zmnPoyBf/#/match-summary/match-summary,Завершен,Ciubotaru M. D./Mester C. M.,Пинто Дж./Скьярчалупи Г.,2.36,1.53
AaXEHjc7,23/06,ITF ЖЕНЩИНЫ - ПАРНЫЙ РАЗРЯД. W15 Bucharest (Румыния),грунт,2,https://www.flashscore.ru.com/match/AaXEHjc7/#/match-summary/match-summary,Завершен,Огеску С./Tsoneva M.,Rocchetti S./Тона М.,2.00,1.73
fsEaIoXI,23/06,ITF ЖЕНЩИНЫ - ПАРНЫЙ РАЗРЯД. W15 Chiang Rai 4 (Таиланд),хард,2,https://www.flashscore.ru.com/match/fsEaIoXI/#/match-summary/match-summary,Завершен,Исварамурти А./Ксун Ф. Й.,Kawagishi N./Такаяма Ч.,1.85,1.85
fszVXQW5,23/06,ITF ЖЕНЩИНЫ - ПАРНЫЙ РАЗРЯД. W15 Chiang Rai 4 (Таиланд),хард,2,https://www.flashscore.ru.com/match/fszVXQW5/#/match-summary/match-summary,Завершен,Куеарум С./Руамрак П.,Нагата А./Уэда Р.,3.65,1.24
dnhrsV9J,23/06,ITF ЖЕНЩИНЫ - ПАРНЫЙ РАЗРЯД. W15 Chiang Rai 4 (Таиланд),хард,2,https://www.flashscore.ru.com/match/dnhrsV9J/#/match-summary/match-summary,Завершен,Джандакет Ч./Момкунтод Т.,Domova D./Okuwaki R.,1.03,9.20
YXYYWpnC,23/06,ITF ЖЕНЩИНЫ - ПАРНЫЙ РАЗРЯД. W15 Chiang Rai 4 (Таиланд),хард,2,https://www.flashscore.ru.com/match/YXYYWpnC/#/match-summary/match-summary,Завершен,Naklo T./Ohashi Y.,Чанта А./Чипчандедж П.,3.60,1.25
CbKSsVQI,23/06,"ITF ЖЕНЩИНЫ - ПАРНЫЙ РАЗРЯД. W15 Colorado Springs, CO (США)",хард,2,https://www.flashscore.ru.com/match/CbKSsVQI/#/match-summary/match-summary,20:30TKP,Bohrer M. C./Hitt Z.,Ньюборн Р./Yamakita M.,5.00,1.13
IyLOrBBC,23/06,"ITF ЖЕНЩИНЫ - ПАРНЫЙ РАЗРЯД. W15 Colorado Springs, CO (США)",хард,2,https://www.flashscore.ru.com/match/IyLOrBBC/#/match-summary/match-summary,20:30TKP,Corley C./Corley I.,Бруу-Сиверсен Ф./Jones M. G.,1.08,6.60
IXCV5sD8,23/06,"ITF ЖЕНЩИНЫ - ПАРНЫЙ РАЗРЯД. W15 Colorado Springs, CO (США)",хард,2,https://www.flashscore.ru.com/match/IXCV5sD8/#/match-summary/match-summary,23:00TKP,Corley P. C./Pisareva A.,Kuczer D./Miroshnichenko V.,1.66,2.09
rJSBoDRg,23/06,"ITF ЖЕНЩИНЫ - ПАРНЫЙ РАЗРЯД. W15 Colorado Springs, CO (США)",хард,2,https://www.flashscore.ru.com/match/rJSBoDRg/#/match-summary/match-summary,23:00TKP,Шефбауэр М./Shaikh H.,Burobina A./Gatti V.,1.05,7.80
MoB7qSHD,23/06,ITF ЖЕНЩИНЫ - ПАРНЫЙ РАЗРЯД. W15 Monastir 18 (Тунис),хард,2,https://www.flashscore.ru.com/match/MoB7qSHD/#/match-summary/match-summary,Завершен,Палечек Н./Сафарова З.,Чо И.-Х./Муньос Ж.,1.85,1.85
jLJMXkza,23/06,ITF ЖЕНЩИНЫ - ПАРНЫЙ РАЗРЯД. W15 Monastir 18 (Тунис),хард,2,https://www.flashscore.ru.com/match/jLJMXkza/#/match-summary/match-summary,Завершен,Леонард М./Лукаш В.,Вэй С./Яо С.,2.75,1.40
K0BwU7ZN,23/06,ITF ЖЕНЩИНЫ - ПАРНЫЙ РАЗРЯД. W15 Monastir 18 (Тунис),хард,2,https://www.flashscore.ru.com/match/K0BwU7ZN/#/match-summary/match-summary,Завершен,Hosoki Y./Симидзу Э.,Чехоуди Д./Виноградова А.,1.33,3.05
0WQ9zhjt,23/06,ITF ЖЕНЩИНЫ - ПАРНЫЙ РАЗРЯД. W15 Monastir 18 (Тунис),хард,2,https://www.flashscore.ru.com/match/0WQ9zhjt/#/match-summary/match-summary,Завершен,Reayer A./Ромеро К.,Мусика Ч./Мусика М.,1.85,1.85
Slip6p8p,23/06,ITF ЖЕНЩИНЫ - ПАРНЫЙ РАЗРЯД. W25 Cantanhede (Португалия),хард,2,https://www.flashscore.ru.com/match/Slip6p8p/#/match-summary/match-summary,Неявка,Жорже Ф./Жорге М.,Мансури Я./Мелисс В.,1.64,2.19
A94IAQaT,23/06,ITF ЖЕНЩИНЫ - ПАРНЫЙ РАЗРЯД. W25 Gurugram (Индия),хард,2,https://www.flashscore.ru.com/match/A94IAQaT/#/match-summary/match-summary,Неявка,Айнитдинова Г./Десаи З.,Кумхум Л./Плипуек П.,3.68,1.26
MoasFAlF,23/06,ITF ЖЕНЩИНЫ - ПАРНЫЙ РАЗРЯД. W25 Gurugram (Индия),хард,2,https://www.flashscore.ru.com/match/MoasFAlF/#/match-summary/match-summary,Завершен,Atturu S./Nitture A. D.,Кобори М./Мацуда М.,8.40,1.04
CGHjhms2,23/06,ITF ЖЕНЩИНЫ - ПАРНЫЙ РАЗРЯД. W25 Gurugram (Индия),хард,2,https://www.flashscore.ru.com/match/CGHjhms2/#/match-summary/match-summary,Завершен,Ковапитуктед Пу./Марцинкевич Д.,Имамура С./Nugroho P. M.,1.66,2.09
QaFvekcq,23/06,ITF ЖЕНЩИНЫ - ПАРНЫЙ РАЗРЯД. W25 Gurugram (Индия),хард,2,https://www.flashscore.ru.com/match/QaFvekcq/#/match-summary/match-summary,Завершен,Костулас С./Pridankina E.,Чаудхари В./Ядав М.,1.22,3.85
2gxJvyH1,23/06,ITF ЖЕНЩИНЫ - ПАРНЫЙ РАЗРЯД. W25 Klosters (Швейцария),грунт,2,https://www.flashscore.ru.com/match/2gxJvyH1/#/match-summary/match-summary,Завершен,Байерлова М./Евтимова Д.,Кунг Л./Зайбольд Э.,2.60,1.44
fTYAtcnk,23/06,ITF ЖЕНЩИНЫ - ПАРНЫЙ РАЗРЯД. W25 Klosters (Швейцария),грунт,2,https://www.flashscore.ru.com/match/fTYAtcnk/#/match-summary/match-summary,Завершен,Дёрст Дж./Гранвер А.,Cembranos P./Tothova E.,1.03,9.60
YJXEuH1e,23/06,ITF ЖЕНЩИНЫ - ПАРНЫЙ РАЗРЯД. W25 Klosters (Швейцария),грунт,2,https://www.flashscore.ru.com/match/YJXEuH1e/#/match-summary/match-summary,Завершен,Мордергер Т./Мордергер Я.,Сакеллариди С./Скилипоти С.,1.85,1.85
OSthf1bb,23/06,ITF ЖЕНЩИНЫ - ПАРНЫЙ РАЗРЯД. W25 Perigueux (Франция),грунт,2,https://www.flashscore.ru.com/match/OSthf1bb/#/match-summary/match-summary,Завершен,Белгравер Ж./Йеролимос М.,Гумуля Б./Се Шу-Йинь,1.85,1.85
Whp0huTA,23/06,ITF ЖЕНЩИНЫ - ПАРНЫЙ РАЗРЯД. W25 Perigueux (Франция),грунт,2,https://www.flashscore.ru.com/match/Whp0huTA/#/match-summary/match-summary,Завершен,Гамис А./Веддер Е.,Бабель О./Нгуен-Тан Л.,1.49,2.46
lbQHhlNg,23/06,ITF ЖЕНЩИНЫ - ПАРНЫЙ РАЗРЯД. W25 Perigueux (Франция),грунт,2,https://www.flashscore.ru.com/match/lbQHhlNg/#/match-summary/match-summary,Завершен,Кемпен М./Парто М.,Перейра Р./Сегель Д.,2.26,1.57
UR2jWO8N,23/06,ITF ЖЕНЩИНЫ - ПАРНЫЙ РАЗРЯД. W25 Prokuplje (Сербия),грунт,2,https://www.flashscore.ru.com/match/UR2jWO8N/#/match-summary/match-summary,Завершен,Ромеро-Гормаз Л./Вюрт Т.,Казионова Е./Макарова Е.,1.96,1.76
2FX4kn9o,23/06,ITF ЖЕНЩИНЫ - ПАРНЫЙ РАЗРЯД. W25 Prokuplje (Сербия),грунт,2,https://www.flashscore.ru.com/match/2FX4kn9o/#/match-summary/match-summary,Неявка,Куламбаева Ж./Тхомбаре П.,Йорович И./Раданович Д.,-,-
0nBZZ69b,23/06,ITF ЖЕНЩИНЫ - ПАРНЫЙ РАЗРЯД. W25 Prokuplje (Сербия),грунт,2,https://www.flashscore.ru.com/match/0nBZZ69b/#/match-summary/match-summary,Завершен,Христофи Э./Эрьявец В.,Гаврила О./Рошка А.,2.28,1.56
n3ceVrOT,23/06,ITF ЖЕНЩИНЫ - ПАРНЫЙ РАЗРЯД. W25 Prokuplje (Сербия),грунт,2,https://www.flashscore.ru.com/match/n3ceVrOT/#/match-summary/match-summary,Завершен,Гиороайе И.-Г./Морателли А.,Капурро Таборда М./Gomez Pezuela Cano M.,1.22,3.90
UT3suDQR,23/06,ITF ЖЕНЩИНЫ - ПАРНЫЙ РАЗРЯД. W25 Raanana 2 (Израиль),хард,2,https://www.flashscore.ru.com/match/UT3suDQR/#/match-summary/match-summary,Завершен,Altori K./Dagan Fruchtman M.,Глушко Л./Кимчи Ш.,8.40,1.04
Ew1VsFt9,23/06,ITF ЖЕНЩИНЫ - ПАРНЫЙ РАЗРЯД. W25 Raanana 2 (Израиль),хард,2,https://www.flashscore.ru.com/match/Ew1VsFt9/#/match-summary/match-summary,Завершен,Барад Итжаки Т./Дабах А.,Кадар Е.-Т./Столлар Ф.,6.00,1.09
KvKvLiZe,23/06,ITF ЖЕНЩИНЫ - ПАРНЫЙ РАЗРЯД. W25 Raanana 2 (Израиль),хард,2,https://www.flashscore.ru.com/match/KvKvLiZe/#/match-summary/match-summary,Неявка,Лансере С./Тимофеева М.,Бондаренко М./Мутавдзич М.,1.31,3.36
xhbEi89R,23/06,"ITF ЖЕНЩИНЫ - ПАРНЫЙ РАЗРЯД. W25 Wichita, KS (США)",хард,2,https://www.flashscore.ru.com/match/xhbEi89R/#/match-summary/match-summary,Завершен,Galichia I./Ngo Gwodog E. C.,B. S./Jagolinzer J.,1.57,2.25
vRP3irbF,23/06,"ITF ЖЕНЩИНЫ - ПАРНЫЙ РАЗРЯД. W25 Wichita, KS (США)",хард,2,https://www.flashscore.ru.com/match/vRP3irbF/#/match-summary/match-summary,19:30TKP,Коллинс К./Стирнс П.,Сакацуме Х./Жу Э.,1.44,2.60
vDpVxqqM,23/06,"ITF ЖЕНЩИНЫ - ПАРНЫЙ РАЗРЯД. W25 Wichita, KS (США)",хард,2,https://www.flashscore.ru.com/match/vDpVxqqM/#/match-summary/match-summary,Завершен,B. S./Jagolinzer J.,Нг Т./Санчес А.-С.,11.00,-
j5q9V0yd,23/06,"ITF ЖЕНЩИНЫ - ПАРНЫЙ РАЗРЯД. W25 Wichita, KS (США)",хард,2,https://www.flashscore.ru.com/match/j5q9V0yd/#/match-summary/match-summary,Завершен,Фунг С./Реми А.,Ансари К./Арсено А.,1.72,2.01
S09dn815,23/06,ITF ЖЕНЩИНЫ - ПАРНЫЙ РАЗРЯД. W25 Ystad (Швеция),грунт,2,https://www.flashscore.ru.com/match/S09dn815/#/match-summary/match-summary,Завершен,Колб М./Колб Н.,Матула М./Уреке А.,3.30,1.29
Q7F1ufkE,23/06,ITF ЖЕНЩИНЫ - ПАРНЫЙ РАЗРЯД. W25 Ystad (Швеция),грунт,2,https://www.flashscore.ru.com/match/Q7F1ufkE/#/match-summary/match-summary,Завершен,Авдеева Ю./Малыгина Е.,Hessleryd T./Taraba W. N.,1.05,8.00
6VlKtoJT,23/06,ITF ЖЕНЩИНЫ - ПАРНЫЙ РАЗРЯД. W25 Ystad (Швеция),грунт,2,https://www.flashscore.ru.com/match/6VlKtoJT/#/match-summary/match-summary,Завершен,Бьорк Ю./Санер Ю.,Хеннеман К. В./Кубка М.,4.90,1.14
KEjCr7lH,23/06,ITF ЖЕНЩИНЫ - ПАРНЫЙ РАЗРЯД. W25 Ystad (Швеция),грунт,2,https://www.flashscore.ru.com/match/KEjCr7lH/#/match-summary/match-summary,Завершен,Хромачёва И./Сарасуа Р.,Лахей Э./Zaar L.,1.17,4.50
ClwBYFSd,23/06,EXHIBITION - МУЖЧИНЫ. Херлингем (Великобритания),трава,2,https://www.flashscore.ru.com/match/ClwBYFSd/#/match-summary/match-summary,Завершен,Бергс З. (Бел),Рууд К. (Нор),-,-
EwcInJNa,23/06,EXHIBITION - МУЖЧИНЫ. Херлингем (Великобритания),трава,2,https://www.flashscore.ru.com/match/EwcInJNa/#/match-summary/match-summary,Отменен,Гоффен Д. (Бел),Рууд К. (Нор),-,-
4j2gb3vh,23/06,EXHIBITION - МУЖЧИНЫ. Херлингем (Великобритания),трава,2,https://www.flashscore.ru.com/match/4j2gb3vh/#/match-summary/match-summary,Завершен,Алькарас К. (Исп),Тиафо Ф. (Сша),-,-
SfvAhWx0,23/06,КОМАНДЫ - МУЖЧИНЫ. Кубок Дэвиса Группа 3 (Мир),no_court,2,https://www.flashscore.ru.com/match/SfvAhWx0/#/match-summary/match-summary,Завершен,Люксембург,Молдавия,-,-
dEfjxBhJ,23/06,КОМАНДЫ - МУЖЧИНЫ. Кубок Дэвиса Группа 3 (Мир),no_court,2,https://www.flashscore.ru.com/match/dEfjxBhJ/#/match-summary/match-summary,Завершен,Грузия,Лихтенштейн,-,-
AchvuD80,23/06,КОМАНДЫ - МУЖЧИНЫ. Кубок Дэвиса Группа 3 (Мир),no_court,2,https://www.flashscore.ru.com/match/AchvuD80/#/match-summary/match-summary,Завершен,Кипр,Армения,-,-
hxnceYhs,23/06,КОМАНДЫ - МУЖЧИНЫ. Кубок Дэвиса Группа 3 (Мир),no_court,2,https://www.flashscore.ru.com/match/hxnceYhs/#/match-summary/match-summary,Завершен,Черногория,Северная Македония,-,-
IPYCsRod,23/06,КОМАНДЫ - МУЖЧИНЫ. Кубок Дэвиса Группа 3 (Мир),no_court,2,https://www.flashscore.ru.com/match/IPYCsRod/#/match-summary/match-summary,Live,Венесуэла,Пуэрто-Рико,-,-
SfG34lg9,23/06,КОМАНДЫ - МУЖЧИНЫ. Кубок Дэвиса Группа 3 (Мир),no_court,2,https://www.flashscore.ru.com/match/SfG34lg9/#/match-summary/match-summary,Live,Гватемала,Панама,-,-
EBIF1nwS,23/06,КОМАНДЫ - МУЖЧИНЫ. Кубок Дэвиса Группа 3 (Мир),no_court,2,https://www.flashscore.ru.com/match/EBIF1nwS/#/match-summary/match-summary,Live,Парагвай,Коста-Рика,-,-
jgLrepGe,23/06,КОМАНДЫ - МУЖЧИНЫ. Кубок Дэвиса Группа 3 (Мир),no_court,2,https://www.flashscore.ru.com/match/jgLrepGe/#/match-summary/match-summary,Завершен,Ямайка,Багамские острова,-,-
